customer_id,recency,frequency,monetary,total_quantity,unique_products,country
12346.0,73,11,372.86,70,26,United Kingdom
12349.0,114,2,1268.52,474,47,Italy
12355.0,111,1,488.21000000000004,303,22,Bahrain
12358.0,94,2,1697.93,590,34,Austria
12359.0,79,5,2012.03,877,82,Cyprus
12360.0,107,3,780.04,756,44,Austria
12361.0,6,3,321.35,144,14,Belgium
12362.0,282,1,130.0,1,1,Belgium
12366.0,177,1,500.24,296,3,Cyprus
12368.0,172,1,917.6999999999999,330,18,Cyprus
12369.0,185,1,348.32,209,9,Austria
12370.0,168,3,774.62,252,33,Austria
12371.0,189,2,607.6800000000001,252,32,Switzerland
12373.0,168,2,763.0500000000001,319,31,Austria
12374.0,132,1,1388.54,798,36,Austria
12377.0,133,1,1210.96,835,47,Switzerland
12378.0,106,1,1407.7,787,82,Switzerland
12379.0,78,1,367.48,163,18,Belgium
12380.0,9,7,6951.49,2228,119,Belgium
12388.0,126,1,461.62,266,26,Australia
12389.0,111,2,563.03,252,23,Australia
12391.0,8,5,2285.18,911,159,Cyprus
12392.0,135,1,234.75000000000003,73,7,Australia
12395.0,38,2,1376.82,861,67,Belgium
12396.0,218,1,931.43,591,65,RSA
12399.0,63,2,539.45,749,31,Belgium
12402.0,65,3,725.25,347,29,Belgium
12403.0,65,1,591.6600000000001,164,4,Denmark
12404.0,226,1,63.24,1,1,Finland
12406.0,140,2,1629.2,1028,32,Denmark
12408.0,42,1,194.1,100,10,Belgium
12409.0,69,3,7115.56,4510,87,Switzerland
12410.0,46,1,320.38,130,14,Switzerland
12412.0,31,2,1176.79,1013,47,Denmark
12414.0,7,3,390.0,195,9,Austria
12415.0,41,3,2717.98,1794,95,Australia
12416.0,200,1,202.56,132,11,Australia
12417.0,50,7,1977.25,979,102,Belgium
12418.0,120,2,879.3100000000001,349,36,Switzerland
12421.0,49,1,77.8,29,4,Spain
12422.0,69,10,2998.07,1635,64,Australia
12423.0,9,1,298.8,82,13,Denmark
12424.0,92,1,446.54,422,15,Australia
12426.0,206,1,762.48,326,47,Germany
12429.0,90,2,1407.3600000000001,750,25,Denmark
12431.0,7,11,3646.52,1583,116,Belgium
12433.0,20,1,152.4,508,8,Norway
12435.0,21,3,3575.2,1875,44,Denmark
12437.0,2,13,5681.64,3945,181,France
12439.0,226,2,1142.88,478,69,Cyprus
12440.0,6,2,859.2,331,21,Austria
12443.0,276,1,485.31,182,21,Norway
12450.0,18,1,148.42000000000002,110,11,Spain
12451.0,7,3,3634.36,2784,147,Switzerland
12455.0,121,3,2929.95,922,110,Cyprus
12458.0,31,1,380.61,284,20,Switzerland
12459.0,149,1,454.36,258,23,Spain
12460.0,0,1,326.65,170,18,Belgium
12466.0,226,1,56.73,1,1,France
12468.0,70,3,2941.2,1835,102,Germany
12469.0,66,2,3070.54,2552,76,Thailand
12470.0,233,1,211.95,95,23,Unspecified
12471.0,1,35,12457.11,5256,120,Germany
12472.0,16,10,7630.15,4946,234,Germany
12474.0,22,7,2071.52,1298,108,Germany
12476.0,45,1,1231.74,628,68,Germany
12477.0,69,2,4485.86,1655,173,Germany
12480.0,51,1,451.9,271,27,Germany
12481.0,150,2,3275.6,2109,51,Germany
12482.0,120,29,23691.4,27042,42,Sweden
12483.0,92,6,1329.7,528,26,Sweden
12484.0,27,6,1826.78,1079,110,Spain
12485.0,73,1,708.1,414,34,Sweden
12487.0,274,1,285.29999999999995,174,2,Sweden
12490.0,3,9,3490.19,2384,98,France
12494.0,120,1,344.87,204,20,France
12495.0,184,1,357.4,130,17,Sweden
12496.0,164,2,45.34,30,10,Spain
12497.0,188,1,1211.76,893,17,Germany
12499.0,104,1,393.72,302,27,Germany
12500.0,66,7,1472.54,613,60,Germany
12503.0,128,1,1126.0,561,2,Spain
12504.0,140,1,134.4,121,6,Germany
12507.0,128,1,539.25,362,28,Spain
12510.0,3,7,4195.45,1696,85,Spain
12514.0,185,1,580.08,400,33,Italy
12516.0,143,1,689.46,512,25,Germany
12519.0,20,1,385.7,212,22,Germany
12523.0,46,8,1968.08,1055,86,France
12524.0,3,5,3859.38,2264,26,Germany
12525.0,42,3,973.73,509,56,France
12527.0,38,2,386.8,292,13,Germany
12529.0,72,1,316.48,192,21,France
12530.0,24,3,1166.74,906,46,Germany
12531.0,230,1,1807.98,1074,110,Germany
12533.0,171,2,1367.89,704,63,Germany
12539.0,260,2,5149.06,2128,104,Spain
12540.0,9,12,5483.29,2622,120,Spain
12542.0,28,2,481.88,522,39,Spain
12547.0,44,1,175.78,175,13,Spain
12549.0,119,6,1575.68,1366,38,USA
12555.0,226,1,129.23,1,1,Spain
12557.0,90,2,3661.2000000000003,1080,3,Spain
12567.0,31,4,1976.9,831,75,France
12568.0,188,1,70.0,48,5,Germany
12570.0,226,1,77.52,1,1,Spain
12573.0,9,1,152.01999999999998,73,9,France
12575.0,1,2,622.8199999999999,315,34,France
12576.0,2,2,555.62,266,32,Poland
12577.0,280,1,210.55,79,13,France
12580.0,120,1,637.2,331,34,Germany
12582.0,121,1,837.11,370,53,Finland
12583.0,25,8,4074.0499999999997,2194,65,France
12586.0,267,1,422.35,157,19,Italy
12588.0,141,1,328.9,172,17,Finland
12589.0,7,4,2989.0,680,75,France
12592.0,63,3,2145.06,1585,32,Germany
12594.0,1,3,777.54,618,30,Italy
12595.0,48,1,299.02,271,19,Germany
12598.0,7,3,1511.01,942,69,France
12599.0,15,3,746.96,784,30,France
12600.0,29,7,1539.92,439,27,Germany
12605.0,2,1,256.99,150,14,Germany
12606.0,226,1,21.0,1,1,Spain
12609.0,42,4,1467.56,579,49,Germany
12613.0,23,4,3022.85,2316,122,Germany
12615.0,48,2,2367.48,1285,105,France
12619.0,104,1,140.14,140,10,Germany
12621.0,14,10,6012.61,3806,112,Germany
12623.0,9,5,3080.59,1586,99,Germany
12625.0,53,2,2481.06,1697,85,Germany
12631.0,0,5,2841.07,1371,105,Finland
12632.0,64,2,804.88,694,32,Germany
12633.0,34,2,2905.48,1806,160,Germany
12634.0,79,2,490.0,337,20,USA
12635.0,0,1,731.33,540,49,Germany
12636.0,282,1,141.0,1,1,USA
12637.0,44,2,904.79,532,84,France
12638.0,183,1,249.8,86,9,Sweden
12639.0,171,1,253.57999999999998,145,15,Sweden
12643.0,98,3,2273.8,1221,10,France
12644.0,214,2,868.13,368,46,Germany
12645.0,8,3,1293.72,742,61,Germany
12647.0,0,21,11285.75,4441,188,Germany
12648.0,184,2,311.8,169,16,Germany
12649.0,127,3,781.8,436,37,Germany
12651.0,9,1,99.0,78,8,France
12653.0,70,1,1950.98,762,43,Israel
12656.0,43,2,1480.25,585,67,France
12662.0,29,6,1889.25,876,61,Germany
12663.0,168,2,239.4,181,9,Germany
12664.0,58,2,1188.16,292,4,Finland
12665.0,213,1,168.8,75,8,Germany
12668.0,111,4,4502.35,2165,187,Germany
12670.0,210,1,225.60000000000002,49,8,France
12671.0,150,1,2622.481,1460,45,Germany
12672.0,139,1,211.15,60,12,France
12675.0,97,2,957.25,336,111,Italy
12676.0,27,3,564.03,424,24,Sweden
12677.0,99,2,395.1,176,13,France
12678.0,7,7,11620.51,7902,108,France
12681.0,0,17,10743.67,6476,247,France
12682.0,0,16,8352.18,3750,155,France
12683.0,0,6,3157.13,2032,108,France
12687.0,24,2,2138.91,1403,126,Sweden
12692.0,181,1,110.95,36,13,France
12693.0,66,1,579.35,202,30,Germany
12695.0,72,3,825.02,234,28,France
12696.0,52,1,317.15,204,21,Finland
12698.0,134,1,339.75,111,16,Germany
12701.0,73,4,1648.7,1049,80,Germany
12703.0,177,3,722.98,431,44,Germany
12705.0,77,1,1544.87,1247,92,Germany
12708.0,0,7,2007.6000000000001,954,71,Germany
12709.0,45,15,16854.98,8582,152,Germany
12711.0,155,2,1339.05,770,56,Germany
12712.0,34,6,1639.31,878,75,Germany
12714.0,0,6,7832.62,4643,285,France
12717.0,134,1,277.93,94,16,Greece
12720.0,15,4,1327.59,857,78,Germany
12721.0,15,1,751.55,275,42,France
12724.0,49,2,973.56,795,54,France
12725.0,115,2,1228.95,706,48,Italy
12726.0,91,2,536.88,579,11,France
12727.0,91,2,1293.75,558,42,France
12730.0,65,1,829.25,234,47,Germany
12731.0,43,4,4784.3,2154,41,France
12733.0,41,2,1638.32,525,78,USA
12737.0,42,2,3710.5,2,2,France
12741.0,73,2,406.07,214,16,USA
12742.0,169,1,1201.52,1359,67,United Arab Emirates
12744.0,3,4,4037.77,1753,110,Singapore
12745.0,30,3,925.41,468,21,EIRE
12746.0,84,1,254.55,97,17,United Kingdom
12747.0,13,12,3259.9700000000003,892,59,United Kingdom
12748.0,0,74,11483.49,4709,760,United Kingdom
12749.0,65,1,832.9,279,40,United Kingdom
12755.0,48,6,1400.71,794,31,Japan
12758.0,3,5,7111.650000000001,4020,146,Portugal
12759.0,64,3,2200.13,1335,107,Netherlands
12761.0,1,2,782.95,281,27,Netherlands
12765.0,16,6,1404.58,1009,49,Netherlands
12770.0,0,1,1895.0,1100,16,Japan
12771.0,29,1,282.3,104,15,Portugal
12773.0,108,1,124.25,109,6,Portugal
12774.0,79,1,98.7,53,6,Netherlands
12776.0,211,1,55.5,46,4,Portugal
12777.0,1,1,519.45,458,26,United Kingdom
12778.0,146,1,378.6,366,27,Netherlands
12779.0,3,5,1942.8799999999999,1170,65,Poland
12780.0,142,1,337.4,285,20,Netherlands
12782.0,63,1,288.1,72,16,Portugal
12784.0,73,1,1230.33,582,72,Portugal
12785.0,79,2,788.45,322,36,Portugal
12786.0,153,1,728.5,324,18,Netherlands
12788.0,7,4,444.9,194,20,Netherlands
12789.0,56,2,181.5,32,2,Netherlands
12791.0,144,4,555.11,207,16,Netherlands
12792.0,78,1,426.47,177,22,Portugal
12796.0,172,1,381.0,182,7,Netherlands
12799.0,73,1,219.35,137,15,Japan
12800.0,14,3,584.25,284,31,Portugal
12801.0,44,1,1071.82,505,50,Sweden
12802.0,14,3,1604.43,1339,79,Netherlands
12804.0,9,2,325.37,270,60,Netherlands
12805.0,25,3,991.35,339,31,Netherlands
12806.0,43,3,2863.96,2086,58,Netherlands
12808.0,6,1,189.65,95,12,Portugal
12809.0,109,2,1266.63,298,52,Portugal
12810.0,78,2,534.99,389,32,Japan
12813.0,45,3,1687.8,1141,37,Netherlands
12819.0,2,1,540.52,344,19,United Kingdom
12820.0,48,5,1290.6299999999999,1054,72,United Kingdom
12821.0,155,1,128.07999999999998,92,7,United Kingdom
12823.0,7,10,2829.5,450,1,United Kingdom
12825.0,65,2,518.63,139,20,United Kingdom
12826.0,20,3,1066.73,695,46,United Kingdom
12829.0,94,1,92.30000000000001,174,8,United Kingdom
12831.0,7,2,236.06,168,13,United Kingdom
12835.0,14,38,5668.02,2212,134,United Kingdom
12836.0,14,9,2776.37,825,132,United Kingdom
12837.0,113,1,528.5600000000001,170,73,United Kingdom
12838.0,8,4,1178.85,622,39,United Kingdom
12839.0,13,9,2986.66,2048,101,United Kingdom
12840.0,93,2,641.69,388,35,United Kingdom
12841.0,8,4,731.59,441,44,United Kingdom
12842.0,281,1,397.20000000000005,168,3,United Kingdom
12843.0,9,17,4227.23,1854,74,United Kingdom
12844.0,137,1,123.03,37,21,United Kingdom
12846.0,226,1,15.58,1,1,United Kingdom
12848.0,219,1,208.0,58,16,United Kingdom
12849.0,135,1,464.8,200,27,United Kingdom
12851.0,21,1,148.95,51,30,United Kingdom
12853.0,44,4,1353.0,692,43,United Kingdom
12854.0,105,4,1654.72,1004,120,United Kingdom
12857.0,38,3,1474.0,677,38,United Kingdom
12859.0,2,1,575.1,292,21,United Kingdom
12860.0,237,1,54.22,26,16,United Kingdom
12861.0,163,1,68.25,27,4,United Kingdom
12862.0,39,1,490.73,360,73,United Kingdom
12863.0,63,4,1686.95,487,23,United Kingdom
12864.0,52,1,152.45,231,4,United Kingdom
12865.0,20,1,1043.15,689,62,Austria
12866.0,18,2,668.23,382,34,Belgium
12867.0,45,4,2205.63,2064,211,United Kingdom
12869.0,225,1,337.66999999999996,144,35,United Kingdom
12870.0,21,2,492.0,384,28,United Kingdom
12872.0,50,7,1989.16,1031,136,United Kingdom
12873.0,225,1,492.4,248,14,United Kingdom
12874.0,98,1,489.26,372,26,Belgium
12875.0,15,3,1013.76,3168,2,United Kingdom
12876.0,134,1,885.5400000000001,412,32,Belgium
12877.0,18,5,888.33,699,48,United Kingdom
12880.0,118,1,337.18,142,21,United Kingdom
12889.0,11,2,171.01,77,12,United Kingdom
12891.0,2,8,509.5,1375,2,United Kingdom
12894.0,119,1,157.35,33,21,United Kingdom
12897.0,87,1,104.15,27,6,United Kingdom
12898.0,7,2,296.21000000000004,235,27,United Kingdom
12905.0,120,2,1018.42,532,52,United Kingdom
12907.0,38,1,328.43,105,18,United Kingdom
12908.0,49,2,636.0,1200,1,United Kingdom
12909.0,108,2,586.61,467,34,United Kingdom
12910.0,37,2,1339.3799999999999,946,26,United Kingdom
12911.0,95,1,1651.72,807,220,United Kingdom
12913.0,114,5,1903.74,864,19,United Kingdom
12915.0,16,2,611.45,318,34,United Kingdom
12916.0,151,2,1042.53,445,47,United Kingdom
12917.0,42,3,3086.2000000000003,844,38,United Kingdom
12918.0,170,1,10953.5,1,1,United Kingdom
12920.0,115,3,323.86,292,32,United Kingdom
12921.0,2,23,12304.960000000001,8434,130,United Kingdom
12923.0,119,1,426.2,112,17,United Kingdom
12924.0,106,5,1147.99,672,25,United Kingdom
12925.0,136,1,35.28,108,5,United Kingdom
12926.0,191,2,592.51,263,99,United Kingdom
12928.0,41,3,1110.89,701,35,United Kingdom
12931.0,16,27,24232.68,16068,21,United Kingdom
12932.0,83,8,1698.56,1609,69,United Kingdom
12933.0,273,1,155.79,67,27,United Kingdom
12934.0,280,1,181.65,31,2,United Kingdom
12935.0,48,6,1487.33,948,49,United Kingdom
12937.0,7,5,1593.34,976,71,United Kingdom
12939.0,6,8,7842.12,3796,11,United Kingdom
12941.0,268,1,377.49,381,27,United Kingdom
12943.0,102,2,496.5,222,22,United Kingdom
12945.0,200,1,437.16,281,28,United Kingdom
12948.0,274,2,252.48000000000002,224,7,United Kingdom
12949.0,7,11,8003.7,4542,186,United Kingdom
12951.0,43,6,1110.9,478,45,United Kingdom
12953.0,66,1,498.96000000000004,280,31,United Kingdom
12954.0,182,1,162.45,83,10,United Kingdom
12956.0,228,3,413.82,306,23,United Kingdom
12957.0,85,5,4689.43,2137,221,United Kingdom
12958.0,127,1,166.89,39,12,United Kingdom
12959.0,28,1,150.95,109,8,United Kingdom
12960.0,27,3,1145.8700000000001,1228,43,United Kingdom
12963.0,3,3,951.28,548,49,United Kingdom
12969.0,146,1,122.45,55,5,United Kingdom
12970.0,279,1,237.99,172,70,United Kingdom
12971.0,15,14,2751.65,3503,19,United Kingdom
12972.0,126,3,1019.0400000000001,742,61,United Kingdom
12974.0,109,1,264.15,80,24,United Kingdom
12975.0,51,3,1248.19,316,53,United Kingdom
12976.0,21,6,2012.12,1801,81,United Kingdom
12977.0,45,3,474.64,116,45,United Kingdom
12978.0,189,4,1946.46,1120,107,United Kingdom
12979.0,273,1,517.7,520,56,United Arab Emirates
12980.0,0,9,5922.4800000000005,616,6,United Kingdom
12982.0,55,5,1776.26,1184,98,United Kingdom
12983.0,142,1,490.08000000000004,638,30,United Kingdom
12986.0,3,7,2331.1800000000003,1040,59,United Kingdom
12987.0,154,2,460.68,223,24,United Kingdom
12989.0,41,14,4467.64,2264,11,United Kingdom
12990.0,49,2,273.0,140,4,United Kingdom
12992.0,269,1,93.35000000000001,21,6,United Kingdom
12993.0,175,2,436.45,243,23,United Kingdom
12997.0,17,3,578.48,328,27,United Kingdom
12998.0,36,3,920.08,1124,58,United Kingdom
13000.0,269,1,497.65000000000003,169,31,United Kingdom
13001.0,2,16,11328.69,6245,249,United Kingdom
13004.0,7,14,4596.88,2984,193,United Kingdom
13005.0,1,1,229.73,219,17,United Kingdom
13007.0,123,1,175.25,59,11,United Kingdom
13008.0,267,1,189.31,75,11,United Kingdom
13009.0,216,1,234.0,120,4,United Kingdom
13010.0,192,1,177.12,127,6,United Kingdom
13012.0,57,2,787.51,479,44,United Kingdom
13013.0,42,10,4734.76,2635,157,United Kingdom
13015.0,41,3,1897.29,1089,93,United Kingdom
13018.0,114,5,1464.35,797,81,United Kingdom
13019.0,109,4,780.85,217,32,United Kingdom
13020.0,106,2,618.96,278,38,United Kingdom
13021.0,70,4,1230.67,697,55,United Kingdom
13023.0,72,1,759.13,299,36,United Kingdom
13024.0,14,2,555.87,181,26,United Kingdom
13025.0,275,1,323.39,241,13,United Kingdom
13026.0,32,4,757.72,846,24,United Kingdom
13027.0,16,10,7327.2,18120,7,United Kingdom
13029.0,67,1,347.7,38,4,United Kingdom
13031.0,35,3,2146.38,1519,214,United Kingdom
13032.0,3,5,734.3,342,52,United Kingdom
13036.0,228,1,307.1,38,6,United Kingdom
13037.0,6,8,2879.58,1625,150,United Kingdom
13039.0,128,4,1010.73,290,37,United Kingdom
13041.0,41,3,607.08,268,14,United Kingdom
13042.0,142,3,1488.59,812,164,United Kingdom
13044.0,36,10,4287.58,2119,327,United Kingdom
13045.0,30,1,325.44,106,16,United Kingdom
13046.0,0,1,319.94,241,21,United Kingdom
13047.0,14,12,4558.74,1703,91,United Kingdom
13048.0,50,4,1864.04,1164,73,United Kingdom
13050.0,3,12,4055.21,1970,261,United Kingdom
13051.0,122,2,155.8,72,4,United Kingdom
13052.0,94,4,2058.23,835,124,United Kingdom
13053.0,165,1,127.65,47,17,United Kingdom
13056.0,95,1,209.48,158,18,United Kingdom
13057.0,74,3,709.59,456,34,United Kingdom
13059.0,11,7,1906.97,668,144,United Kingdom
13063.0,24,1,188.4,116,12,United Kingdom
13064.0,94,2,561.25,154,19,United Kingdom
13065.0,14,2,398.04,156,20,United Kingdom
13069.0,0,8,2914.84,3904,268,United Kingdom
13070.0,3,3,522.9,262,11,United Kingdom
13071.0,156,1,129.22,30,12,United Kingdom
13074.0,55,4,1378.74,826,26,United Kingdom
13076.0,1,1,135.4,44,9,United Kingdom
13077.0,7,5,1513.3,1255,116,United Kingdom
13078.0,6,24,11382.14,4072,83,United Kingdom
13080.0,105,2,160.75,53,8,United Kingdom
13081.0,17,11,20661.99,15926,440,United Kingdom
13082.0,2,10,3287.12,3530,45,United Kingdom
13084.0,35,1,122.39999999999999,144,2,United Kingdom
13085.0,223,6,2017.2,728,33,United Kingdom
13087.0,270,1,313.64,86,15,United Kingdom
13089.0,6,77,37311.29,20880,404,United Kingdom
13090.0,15,4,1070.77,311,69,United Kingdom
13091.0,273,2,1976.0,873,24,United Kingdom
13092.0,2,6,1532.0,364,42,United Kingdom
13093.0,3,30,25663.92,14410,118,United Kingdom
13097.0,29,15,5805.37,2448,260,United Kingdom
13101.0,42,3,594.21,365,41,United Kingdom
13102.0,11,7,2616.04,1097,66,United Kingdom
13103.0,121,1,123.34,66,6,United Kingdom
13104.0,77,2,278.21999999999997,114,3,United Kingdom
13107.0,86,3,2304.59,2128,67,United Kingdom
13109.0,95,1,347.49,237,23,United Kingdom
13110.0,100,4,947.7,235,62,United Kingdom
13111.0,262,1,321.88000000000005,180,12,United Kingdom
13112.0,85,1,20.6,11,2,United Kingdom
13113.0,38,7,3756.56,983,96,United Kingdom
13114.0,274,1,234.38,74,16,United Kingdom
13115.0,44,4,1788.5,1599,94,United Kingdom
13117.0,20,7,763.8,642,49,United Kingdom
13119.0,212,1,134.9,110,11,United Kingdom
13123.0,16,2,506.75,268,36,United Kingdom
13125.0,67,1,148.62,53,20,United Kingdom
13126.0,43,3,1088.84,747,52,United Kingdom
13128.0,175,1,263.5,31,1,United Kingdom
13129.0,73,1,108.75,219,4,United Kingdom
13131.0,98,3,1393.58,748,70,United Kingdom
13133.0,3,1,90.65,23,5,United Kingdom
13135.0,35,1,275.45,123,17,United Kingdom
13136.0,38,4,2283.52,1178,102,United Kingdom
13137.0,2,2,956.91,560,162,United Kingdom
13140.0,35,1,252.29999999999998,134,34,United Kingdom
13141.0,79,8,3349.24,2221,141,United Kingdom
13143.0,128,1,405.1,198,23,United Kingdom
13145.0,60,2,204.0,48,1,United Kingdom
13148.0,46,9,3305.71,1709,217,United Kingdom
13150.0,28,3,449.96999999999997,171,7,United Kingdom
13151.0,169,2,1207.34,450,71,United Kingdom
13152.0,73,5,1685.25,796,95,United Kingdom
13154.0,51,2,1012.98,616,63,United Kingdom
13155.0,35,1,235.70000000000002,132,15,United Kingdom
13156.0,212,2,1239.6,756,77,United Kingdom
13157.0,18,4,3045.78,2476,104,United Kingdom
13161.0,44,1,359.38,76,25,United Kingdom
13162.0,15,11,7278.02,3808,115,United Kingdom
13163.0,154,1,17.65,3,2,United Kingdom
13164.0,113,2,372.2,120,7,United Kingdom
13168.0,86,1,541.14,228,45,United Kingdom
13169.0,106,1,127.2,24,5,United Kingdom
13173.0,105,8,1672.3,911,109,United Kingdom
13174.0,111,6,3923.28,1764,346,United Kingdom
13175.0,126,2,831.45,423,40,United Kingdom
13178.0,9,8,7118.02,4468,158,United Kingdom
13179.0,162,1,572.3100000000001,368,34,United Kingdom
13180.0,151,1,86.10000000000001,42,4,United Kingdom
13183.0,22,4,1759.22,1062,23,United Kingdom
13187.0,168,3,105.34,201,14,United Kingdom
13190.0,88,3,570.66,308,16,United Kingdom
13191.0,202,1,164.69,115,58,United Kingdom
13192.0,79,4,1646.6399999999999,1034,92,United Kingdom
13196.0,31,2,623.88,430,41,United Kingdom
13197.0,153,1,373.01000000000005,204,19,United Kingdom
13199.0,9,20,4290.15,3557,17,United Kingdom
13201.0,46,4,1233.06,1036,65,United Kingdom
13202.0,88,5,1221.63,443,42,United Kingdom
13203.0,11,4,1002.27,1017,67,United Kingdom
13204.0,275,1,966.6600000000001,428,57,United Kingdom
13206.0,13,12,7994.99,6870,391,United Kingdom
13207.0,156,1,214.20000000000002,36,4,United Kingdom
13208.0,77,2,355.29,197,55,United Kingdom
13209.0,58,5,2617.9,1528,42,United Kingdom
13211.0,55,5,886.0,707,75,United Kingdom
13213.0,49,2,614.95,389,35,United Kingdom
13214.0,28,5,2392.92,2089,157,United Kingdom
13217.0,199,1,132.5,250,1,United Kingdom
13219.0,162,1,76.23,11,11,United Kingdom
13220.0,119,1,516.8,200,32,United Kingdom
13222.0,121,1,88.5,30,1,United Kingdom
13223.0,72,3,604.32,384,4,United Kingdom
13225.0,18,7,8199.81,3395,47,United Kingdom
13230.0,28,11,2043.46,1147,267,United Kingdom
13233.0,238,1,290.63,231,17,United Kingdom
13234.0,216,2,346.5,159,56,United Kingdom
13238.0,134,1,117.0,60,6,United Kingdom
13239.0,35,3,928.9300000000001,752,59,United Kingdom
13240.0,144,3,269.47,109,36,United Kingdom
13242.0,11,3,390.0,200,12,United Kingdom
13243.0,175,1,251.62,152,52,United Kingdom
13246.0,69,1,157.17,107,26,United Kingdom
13249.0,32,5,643.84,496,2,United Kingdom
13250.0,4,2,253.09,107,17,United Kingdom
13252.0,169,1,346.9,126,17,United Kingdom
13253.0,247,1,974.39,883,25,United Kingdom
13255.0,56,1,279.25,230,13,United Kingdom
13259.0,116,6,805.3100000000001,259,141,United Kingdom
13262.0,144,1,232.41,93,26,United Kingdom
13266.0,50,5,1793.26,2034,63,United Kingdom
13267.0,57,9,2779.88,1106,69,United Kingdom
13269.0,49,10,2051.58,2080,86,United Kingdom
13275.0,176,1,177.36,128,44,United Kingdom
13276.0,46,2,595.83,254,104,United Kingdom
13277.0,14,2,153.5,122,7,United Kingdom
13278.0,23,2,634.61,596,37,United Kingdom
13280.0,188,1,478.5,160,25,United Kingdom
13283.0,111,2,279.7,114,13,United Kingdom
13285.0,144,2,655.47,406,42,United Kingdom
13286.0,144,1,734.91,274,46,United Kingdom
13287.0,147,3,781.59,429,46,United Kingdom
13288.0,53,4,852.61,319,7,United Kingdom
13289.0,267,1,307.95,119,16,United Kingdom
13291.0,28,7,2450.61,1129,107,United Kingdom
13292.0,38,2,344.35,105,23,United Kingdom
13293.0,83,4,857.59,378,46,United Kingdom
13294.0,190,1,815.79,543,48,United Kingdom
13295.0,120,1,306.5,274,20,United Kingdom
13296.0,30,4,578.09,467,36,United Kingdom
13297.0,86,1,656.5699999999999,467,35,United Kingdom
13299.0,72,1,351.18,106,21,United Kingdom
13300.0,118,1,314.98,115,17,United Kingdom
13302.0,70,1,95.45,7,2,United Kingdom
13304.0,90,2,616.15,244,30,United Kingdom
13305.0,0,3,1268.75,838,94,United Kingdom
13307.0,31,2,258.34,136,14,United Kingdom
13308.0,140,1,284.86,230,17,United Kingdom
13313.0,23,7,1890.0,1457,78,United Kingdom
13315.0,233,1,310.26,232,22,United Kingdom
13316.0,27,2,3209.29,7161,30,United Kingdom
13317.0,18,8,2404.75,1378,93,United Kingdom
13319.0,28,21,6900.93,2788,163,United Kingdom
13320.0,22,1,306.6,193,22,United Kingdom
13324.0,22,4,1849.07,2412,18,United Kingdom
13327.0,1,10,4337.46,2176,109,United Kingdom
13329.0,41,3,989.0500000000001,730,32,United Kingdom
13330.0,109,2,1219.07,701,39,United Kingdom
13333.0,1,2,863.88,577,48,United Kingdom
13334.0,80,2,2699.48,1434,177,United Kingdom
13337.0,90,1,1575.26,980,87,United Kingdom
13338.0,85,3,1958.6,895,101,United Kingdom
13340.0,42,4,10471.56,3570,69,United Kingdom
13346.0,6,6,299.4,180,4,United Kingdom
13357.0,38,4,3196.11,1791,240,United Kingdom
13360.0,21,3,1082.31,576,40,United Kingdom
13361.0,16,2,1450.5,324,29,United Kingdom
13371.0,49,2,2297.66,1019,75,United Kingdom
13373.0,165,2,2154.85,1654,105,United Kingdom
13377.0,189,1,815.32,285,36,United Kingdom
13381.0,22,4,3103.91,2105,89,United Kingdom
13382.0,162,3,655.65,402,34,United Kingdom
13383.0,87,1,305.28000000000003,288,1,United Kingdom
13384.0,1,2,1923.39,1383,74,United Kingdom
13388.0,147,1,508.55,419,34,United Kingdom
13392.0,221,1,91.14,82,8,United Kingdom
13393.0,127,4,1131.45,662,53,United Kingdom
13394.0,69,8,3085.16,2184,136,United Kingdom
13397.0,121,4,1339.34,846,36,United Kingdom
13399.0,8,3,275.4,120,10,United Kingdom
13400.0,126,1,310.83,284,23,United Kingdom
13402.0,49,2,605.62,438,34,United Kingdom
13403.0,267,1,78.6,44,3,United Kingdom
13405.0,25,3,641.36,690,14,United Kingdom
13406.0,175,1,140.16,96,2,United Kingdom
13407.0,122,3,2244.7,1690,85,United Kingdom
13408.0,0,35,18028.522,10002,149,United Kingdom
13410.0,242,2,682.9200000000001,324,7,United Kingdom
13412.0,164,1,487.34999999999997,176,33,United Kingdom
13413.0,183,6,429.44,455,38,United Kingdom
13414.0,7,3,1103.64,1128,27,United Kingdom
13415.0,16,4,784.17,496,85,United Kingdom
13416.0,280,1,228.3,66,7,United Kingdom
13417.0,91,4,1028.66,370,35,United Kingdom
13418.0,16,8,3494.94,2439,104,United Kingdom
13421.0,30,5,1527.08,769,112,United Kingdom
13425.0,52,2,1766.22,1235,86,United Kingdom
13426.0,3,8,3425.6800000000003,2069,87,United Kingdom
13427.0,21,3,423.93,335,18,United Kingdom
13428.0,58,2,276.76,205,66,United Kingdom
13431.0,78,3,796.0500000000001,361,34,United Kingdom
13432.0,115,2,439.1,217,98,United Kingdom
13433.0,45,4,658.3199999999999,190,22,United Kingdom
13434.0,4,2,716.1,348,14,United Kingdom
13435.0,44,1,323.85,279,14,United Kingdom
13438.0,91,1,46.5,10,1,United Kingdom
13439.0,70,1,284.28000000000003,220,49,United Kingdom
13442.0,211,3,419.87,115,33,United Kingdom
13443.0,97,5,1076.92,741,149,United Kingdom
13444.0,50,1,135.29,105,13,United Kingdom
13445.0,170,1,241.89999999999998,198,7,United Kingdom
13446.0,29,10,3594.21,2235,105,United Kingdom
13448.0,112,4,2722.6,1415,168,United Kingdom
13450.0,1,6,1775.78,2046,39,United Kingdom
13451.0,46,4,3329.63,2396,317,United Kingdom
13452.0,16,1,139.8,4,1,United Kingdom
13454.0,185,1,219.87,198,23,United Kingdom
13455.0,137,3,914.8,380,51,United Kingdom
13457.0,232,2,148.22,96,9,United Kingdom
13459.0,168,2,1160.4099999999999,986,57,United Kingdom
13461.0,57,2,2267.4,1768,21,United Kingdom
13462.0,181,3,526.46,322,33,United Kingdom
13464.0,17,3,714.16,319,29,United Kingdom
13465.0,130,1,611.5,302,21,United Kingdom
13466.0,44,3,528.75,353,26,United Kingdom
13468.0,1,24,5219.17,2201,165,United Kingdom
13469.0,197,1,82.4,52,6,United Kingdom
13472.0,7,2,592.24,310,24,United Kingdom
13473.0,118,6,2235.12,734,44,United Kingdom
13474.0,39,1,350.6,160,60,United Kingdom
13476.0,30,2,544.4,186,30,United Kingdom
13477.0,86,3,974.6800000000001,681,55,United Kingdom
13478.0,13,5,2215.78,1189,114,United Kingdom
13479.0,21,1,387.36,490,29,United Kingdom
13480.0,223,1,493.94,202,31,United Kingdom
13481.0,51,5,1575.33,742,73,United Kingdom
13482.0,171,1,151.45,71,9,United Kingdom
13484.0,183,1,165.78,112,11,United Kingdom
13485.0,62,5,1557.23,1058,90,United Kingdom
13487.0,49,2,271.47,97,11,United Kingdom
13488.0,31,8,3898.85,2157,144,United Kingdom
13490.0,198,1,154.25,25,8,United Kingdom
13491.0,14,14,2914.04,1342,99,United Kingdom
13495.0,170,3,1210.51,681,25,United Kingdom
13497.0,56,4,818.78,362,36,United Kingdom
13498.0,274,1,327.38,362,17,United Kingdom
13501.0,30,2,1544.79,693,52,Switzerland
13502.0,92,1,307.9,142,11,United Kingdom
13503.0,23,5,1642.39,857,148,United Kingdom
13506.0,4,1,427.32,320,26,United Kingdom
13508.0,186,1,176.07999999999998,156,16,United Kingdom
13509.0,51,1,135.0,108,5,United Kingdom
13510.0,79,5,1781.21,968,91,United Kingdom
13511.0,220,1,282.76,60,5,United Kingdom
13512.0,24,2,273.96000000000004,162,17,United Kingdom
13513.0,199,1,299.64,128,13,United Kingdom
13514.0,123,2,588.7,188,13,United Kingdom
13515.0,188,1,188.1,50,7,United Kingdom
13520.0,20,4,2518.7,1292,53,Switzerland
13526.0,282,2,1182.0,1911,29,United Kingdom
13527.0,49,4,1775.38,814,129,United Kingdom
13530.0,178,1,402.97999999999996,272,18,United Kingdom
13531.0,42,4,949.27,323,38,United Kingdom
13534.0,15,4,742.02,326,29,United Kingdom
13538.0,200,2,803.54,294,43,United Kingdom
13539.0,79,3,839.62,336,39,United Kingdom
13540.0,11,3,632.39,189,26,United Kingdom
13541.0,114,1,310.35,91,2,United Kingdom
13542.0,21,14,3102.33,658,90,United Kingdom
13543.0,178,2,1439.6100000000001,329,37,United Kingdom
13544.0,100,3,342.69,139,94,United Kingdom
13545.0,88,1,118.17999999999999,141,16,United Kingdom
13548.0,15,1,223.28,122,61,United Kingdom
13551.0,210,1,152.39999999999998,24,1,United Kingdom
13552.0,43,6,2292.15,841,61,United Kingdom
13553.0,218,1,499.6,201,85,United Kingdom
13555.0,86,6,2302.89,798,104,United Kingdom
13557.0,70,7,1681.1100000000001,1417,89,United Kingdom
13559.0,56,2,990.0,360,1,United Kingdom
13561.0,27,7,1171.6,735,94,United Kingdom
13562.0,72,4,2277.55,643,52,United Kingdom
13564.0,7,29,11006.42,6210,407,United Kingdom
13566.0,53,2,569.09,474,122,United Kingdom
13567.0,16,3,689.54,354,132,United Kingdom
13571.0,2,10,1840.53,1068,125,United Kingdom
13573.0,181,1,81.85,42,8,United Kingdom
13576.0,16,8,3622.4,1587,81,United Kingdom
13577.0,72,5,939.47,434,39,United Kingdom
13579.0,203,1,383.55,295,27,United Kingdom
13582.0,161,1,77.5,34,3,United Kingdom
13583.0,223,1,664.001,372,43,United Kingdom
13584.0,42,2,243.3,323,55,United Kingdom
13585.0,74,3,684.54,1386,29,United Kingdom
13586.0,85,1,127.28,38,20,United Kingdom
13587.0,207,1,568.3,276,10,United Kingdom
13589.0,71,3,652.59,149,29,United Kingdom
13590.0,43,5,1865.31,1442,154,United Kingdom
13591.0,127,3,653.8100000000001,193,28,United Kingdom
13593.0,22,7,2860.66,1185,157,United Kingdom
13594.0,29,1,136.35000000000002,37,7,United Kingdom
13595.0,60,3,784.48,341,114,United Kingdom
13598.0,39,4,601.92,341,46,United Kingdom
13599.0,104,6,2909.12,1893,72,United Kingdom
13600.0,178,1,298.9,275,22,United Kingdom
13601.0,90,1,182.43,107,52,United Kingdom
13602.0,104,1,169.38,58,11,United Kingdom
13604.0,202,1,717.62,242,21,United Kingdom
13605.0,115,1,169.89,130,17,United Kingdom
13608.0,84,1,232.05,110,31,United Kingdom
13609.0,137,1,167.35,19,7,United Kingdom
13610.0,57,5,793.9,316,122,United Kingdom
13611.0,17,5,1477.96,829,99,United Kingdom
13612.0,176,1,818.29,444,50,United Kingdom
13613.0,170,2,627.5,234,27,United Kingdom
13614.0,95,1,303.4,87,43,United Kingdom
13615.0,50,4,3488.54,1561,152,United Kingdom
13616.0,112,2,283.85,172,31,United Kingdom
13617.0,4,2,247.37,79,18,United Kingdom
13619.0,88,2,224.94,79,39,United Kingdom
13620.0,72,1,112.34,74,5,United Kingdom
13622.0,240,1,658.95,379,32,United Kingdom
13623.0,94,3,1425.19,550,121,United Kingdom
13625.0,140,1,301.26,144,21,United Kingdom
13627.0,32,2,607.43,363,37,United Kingdom
13628.0,220,1,310.14,106,16,United Kingdom
13629.0,7,6,3795.0,2300,5,United Kingdom
13632.0,120,2,881.99,311,41,United Kingdom
13634.0,81,6,2191.66,793,95,United Kingdom
13635.0,268,2,797.15,477,38,United Kingdom
13640.0,155,1,405.0,108,4,United Kingdom
13641.0,184,5,1016.47,1098,41,United Kingdom
13643.0,29,4,686.97,197,22,United Kingdom
13647.0,38,4,1393.56,908,50,United Kingdom
13648.0,14,6,1404.22,782,78,United Kingdom
13649.0,20,3,728.51,384,43,United Kingdom
13650.0,70,3,1141.06,603,48,United Kingdom
13652.0,196,1,393.96000000000004,349,28,United Kingdom
13653.0,31,1,152.2,72,9,United Kingdom
13654.0,15,3,743.03,683,47,United Kingdom
13655.0,133,2,580.58,284,28,United Kingdom
13656.0,43,2,699.2,372,38,United Kingdom
13658.0,36,3,2705.53,920,89,United Kingdom
13659.0,36,9,3027.53,1461,126,United Kingdom
13661.0,147,1,325.24,118,17,United Kingdom
13662.0,77,4,729.15,383,47,United Kingdom
13663.0,190,1,545.45,291,27,United Kingdom
13665.0,48,1,632.81,671,44,United Kingdom
13666.0,279,1,19.5,2,2,United Kingdom
13668.0,22,11,5227.06,1830,133,United Kingdom
13672.0,274,1,233.53000000000003,81,12,United Kingdom
13676.0,83,2,243.9,104,13,United Kingdom
13677.0,64,1,273.96,151,61,United Kingdom
13679.0,37,3,281.26,102,44,United Kingdom
13680.0,15,8,7700.55,3310,244,United Kingdom
13683.0,1,1,258.6,180,10,United Kingdom
13684.0,106,2,396.92,127,49,United Kingdom
13688.0,179,1,375.5,130,5,United Kingdom
13693.0,18,7,1374.17,691,57,United Kingdom
13694.0,2,85,114527.41,113575,601,United Kingdom
13695.0,121,1,266.6,188,6,United Kingdom
13696.0,135,2,1386.2,484,17,United Kingdom
13698.0,140,2,451.73,227,31,United Kingdom
13699.0,94,1,455.57,153,23,United Kingdom
13700.0,212,2,81.55,62,12,United Kingdom
13705.0,52,3,688.9399999999999,414,32,United Kingdom
13706.0,170,1,300.38,112,18,United Kingdom
13707.0,80,1,720.5,318,28,United Kingdom
13709.0,91,3,771.33,317,39,United Kingdom
13710.0,156,1,228.0,120,5,United Kingdom
13711.0,122,6,1360.1200000000001,583,63,United Kingdom
13712.0,154,1,537.58,776,23,United Kingdom
13713.0,15,2,588.61,237,59,United Kingdom
13714.0,9,1,161.35,50,30,United Kingdom
13715.0,9,10,5516.21,3320,205,United Kingdom
13717.0,1,2,318.29,185,21,United Kingdom
13719.0,22,5,1257.67,713,112,United Kingdom
13722.0,44,3,1887.0,1175,59,United Kingdom
13723.0,104,2,420.58,182,18,United Kingdom
13724.0,181,1,213.01,130,39,United Kingdom
13727.0,155,6,740.6700000000001,206,55,United Kingdom
13728.0,1,8,1507.48,710,44,United Kingdom
13729.0,228,1,357.88,272,20,United Kingdom
13733.0,279,1,149.10000000000002,62,10,United Kingdom
13734.0,52,4,6695.6900000000005,302,24,United Kingdom
13735.0,70,6,3668.18,1486,160,United Kingdom
13736.0,3,4,1759.05,901,213,United Kingdom
13739.0,71,1,75.3,22,3,United Kingdom
13740.0,49,3,916.73,337,46,United Kingdom
13745.0,90,1,477.32,650,31,United Kingdom
13748.0,282,1,173.1,90,7,United Kingdom
13750.0,88,3,938.52,302,32,United Kingdom
13752.0,71,1,404.45000000000005,131,19,United Kingdom
13753.0,142,3,1353.31,938,37,United Kingdom
13756.0,71,5,1223.64,759,69,United Kingdom
13757.0,218,1,195.55,54,8,United Kingdom
13758.0,133,5,3682.17,1848,103,United Kingdom
13760.0,79,2,674.04,273,28,United Kingdom
13761.0,46,4,881.52,437,50,United Kingdom
13762.0,137,4,2165.76,2336,21,United Kingdom
13764.0,113,3,1400.2,1158,141,United Kingdom
13765.0,197,1,352.821,297,17,United Kingdom
13766.0,39,1,190.35,137,16,United Kingdom
13767.0,16,20,9191.57,4221,81,United Kingdom
13768.0,270,2,875.97,373,30,United Kingdom
13769.0,3,8,2013.97,937,61,United Kingdom
13770.0,189,2,264.33000000000004,183,7,United Kingdom
13771.0,77,5,3094.37,1663,85,United Kingdom
13772.0,56,3,1096.34,440,187,United Kingdom
13773.0,203,1,91.4,32,5,United Kingdom
13775.0,134,1,1049.66,455,63,United Kingdom
13777.0,15,18,11182.22,4889,34,United Kingdom
13778.0,35,3,945.79,441,27,United Kingdom
13779.0,59,1,161.13,53,27,United Kingdom
13781.0,136,2,650.99,270,39,United Kingdom
13782.0,32,6,731.47,209,97,United Kingdom
13783.0,31,4,1542.09,3437,4,United Kingdom
13785.0,3,2,311.99,97,19,United Kingdom
13786.0,133,4,2252.69,998,73,United Kingdom
13787.0,2,4,913.46,661,50,United Kingdom
13788.0,49,1,3.75,1,1,United Kingdom
13793.0,190,1,96.0,52,7,United Kingdom
13794.0,90,1,126.03,63,9,United Kingdom
13795.0,50,2,432.35,609,14,United Kingdom
13796.0,43,1,289.7,218,22,United Kingdom
13797.0,112,2,666.87,361,45,United Kingdom
13798.0,4,38,27219.56,17263,105,United Kingdom
13799.0,15,6,1820.17,919,38,United Kingdom
13800.0,280,1,478.7,242,19,United Kingdom
13802.0,14,13,16375.81,8605,180,United Kingdom
13803.0,162,1,433.53000000000003,231,26,United Kingdom
13807.0,118,2,309.6,80,17,United Kingdom
13809.0,4,1,127.05000000000001,44,9,Cyprus
13813.0,71,4,1398.61,740,50,Germany
13814.0,71,1,678.2,350,22,Germany
13815.0,8,3,2553.98,2161,107,Germany
13819.0,213,3,1502.0,1200,34,United Kingdom
13820.0,190,2,386.52,130,29,United Kingdom
13821.0,237,3,660.55,199,82,United Kingdom
13823.0,31,4,1929.92,912,79,United Kingdom
13824.0,4,5,1120.02,510,30,United Kingdom
13825.0,165,2,255.59,182,38,United Kingdom
13830.0,125,1,156.85000000000002,47,11,United Kingdom
13831.0,51,11,3362.77,1282,72,United Kingdom
13834.0,120,2,324.19,221,15,United Kingdom
13835.0,63,3,260.7,78,15,United Kingdom
13838.0,123,1,240.44,106,54,United Kingdom
13839.0,30,1,139.95000000000002,25,7,United Kingdom
13842.0,3,7,1074.82,582,66,United Kingdom
13847.0,263,1,310.72,96,19,United Kingdom
13848.0,16,4,1440.0,4500,1,United Kingdom
13849.0,168,1,509.65,143,32,United Kingdom
13851.0,223,1,199.29999999999998,14,3,United Kingdom
13852.0,154,1,187.35000000000002,85,11,United Kingdom
13854.0,85,8,1926.27,820,28,United Kingdom
13855.0,44,4,1310.3400000000001,575,64,United Kingdom
13856.0,7,8,753.53,611,27,United Kingdom
13857.0,32,2,400.93,241,46,United Kingdom
13859.0,73,1,314.7,38,8,United Kingdom
13861.0,74,1,128.43,124,10,United Kingdom
13863.0,9,3,933.77,329,43,United Kingdom
13869.0,39,4,3497.12,1863,269,United Kingdom
13870.0,16,3,1838.18,1494,75,United Kingdom
13871.0,93,3,1164.0,557,44,United Kingdom
13872.0,71,3,919.57,339,51,United Kingdom
13873.0,118,2,262.7,58,11,United Kingdom
13874.0,48,6,1508.7,684,33,United Kingdom
13875.0,0,8,2726.28,1624,107,United Kingdom
13877.0,14,2,332.44,370,20,United Kingdom
13878.0,91,3,1145.33,464,59,United Kingdom
13879.0,189,1,395.5,204,25,United Kingdom
13880.0,30,2,343.71,265,22,United Kingdom
13881.0,29,10,15841.6,11438,112,United Kingdom
13883.0,106,6,1661.44,887,68,United Kingdom
13884.0,14,1,248.45,91,28,United Kingdom
13888.0,38,4,911.82,332,62,United Kingdom
13889.0,14,3,1129.58,660,43,United Kingdom
13890.0,125,3,730.2900000000001,417,36,United Kingdom
13891.0,126,1,398.4,196,24,United Kingdom
13892.0,21,2,634.68,2142,8,United Kingdom
13895.0,59,2,1415.45,695,67,United Kingdom
13896.0,169,1,388.55,149,21,United Kingdom
13897.0,221,1,482.67,438,23,United Kingdom
13900.0,48,2,582.92,346,37,United Kingdom
13901.0,28,9,2516.2799999999997,1473,135,United Kingdom
13902.0,176,5,34095.26,220600,58,Denmark
13905.0,276,1,312.65,135,12,United Kingdom
13907.0,235,1,136.8,68,4,United Kingdom
13909.0,65,1,112.46,136,11,United Kingdom
13911.0,20,10,1388.49,1293,56,United Kingdom
13913.0,50,1,42.22,10,3,United Kingdom
13916.0,7,4,1275.81,673,72,United Kingdom
13919.0,84,1,617.27,495,32,Denmark
13920.0,34,2,1067.66,952,57,United Kingdom
13921.0,84,2,349.1,102,18,United Kingdom
13922.0,11,1,423.2,235,13,United Kingdom
13929.0,34,7,1930.55,1233,35,United Kingdom
13931.0,1,5,3073.2200000000003,2204,151,United Kingdom
13935.0,140,3,6116.92,2252,67,United Kingdom
13939.0,72,3,451.65000000000003,287,23,United Kingdom
13941.0,88,7,3703.54,1562,26,United Kingdom
13942.0,78,1,320.0,1000,1,United Kingdom
13943.0,121,1,246.54,94,15,United Kingdom
13944.0,197,1,200.43,153,35,United Kingdom
13945.0,23,1,515.65,329,37,United Kingdom
13946.0,178,2,760.95,1255,29,United Kingdom
13948.0,192,2,262.31,141,13,United Kingdom
13952.0,50,8,7342.13,3554,142,United Kingdom
13953.0,34,4,2625.0,2100,1,United Kingdom
13957.0,116,2,258.9,84,15,United Kingdom
13958.0,55,7,3943.51,1872,155,United Kingdom
13959.0,55,1,43.25,13,10,United Kingdom
13963.0,9,8,1107.16,528,59,United Kingdom
13965.0,20,3,996.61,425,23,United Kingdom
13969.0,0,10,2251.36,1197,130,United Kingdom
13971.0,21,5,1522.78,980,69,United Kingdom
13974.0,126,1,264.13,107,15,United Kingdom
13975.0,94,3,1402.75,1395,210,United Kingdom
13976.0,50,3,834.38,298,43,United Kingdom
13979.0,120,4,1292.81,856,178,United Kingdom
13980.0,31,3,297.32,143,32,United Kingdom
13982.0,43,5,2082.48,1342,77,United Kingdom
13983.0,3,8,3706.19,2583,167,United Kingdom
13984.0,37,5,640.93,418,40,United Kingdom
13985.0,106,2,593.23,286,29,United Kingdom
13988.0,169,1,310.2,168,18,United Kingdom
13989.0,8,3,759.98,894,34,United Kingdom
13992.0,7,1,75.9,50,3,United Kingdom
13993.0,17,6,2090.8,797,60,United Kingdom
13995.0,11,7,1639.19,985,62,United Kingdom
13997.0,63,3,376.46,143,36,United Kingdom
13998.0,55,2,278.9,70,14,United Kingdom
13999.0,17,13,4340.2,2197,112,United Kingdom
14000.0,45,3,1188.02,838,20,United Kingdom
14001.0,13,2,885.87,325,29,United Kingdom
14003.0,276,1,209.41,149,16,United Kingdom
14006.0,72,4,1234.48,1540,40,United Kingdom
14007.0,56,1,79.48,16,5,United Kingdom
14009.0,6,1,404.3,586,32,United Kingdom
14010.0,109,2,445.15,177,20,United Kingdom
14011.0,24,2,457.82,644,32,United Kingdom
14013.0,167,1,174.2,84,10,United Kingdom
14014.0,120,1,276.65999999999997,388,12,United Kingdom
14016.0,18,6,6020.22,3199,217,EIRE
14017.0,115,1,229.75,73,14,United Kingdom
14018.0,189,1,367.15000000000003,224,13,United Kingdom
14020.0,20,2,606.21,207,29,United Kingdom
14021.0,85,2,479.82,220,30,United Kingdom
14022.0,30,1,352.15000000000003,194,19,United Kingdom
14025.0,8,8,4057.9,1920,60,United Kingdom
14026.0,14,2,713.11,427,43,United Kingdom
14028.0,94,3,10396.5,7170,3,United Kingdom
14030.0,139,7,3174.18,1393,242,United Kingdom
14031.0,14,19,15853.140000000001,5676,188,United Kingdom
14032.0,9,4,1224.75,1426,38,United Kingdom
14033.0,99,1,109.44,576,1,United Kingdom
14035.0,113,2,384.6,163,39,United Kingdom
14037.0,22,4,689.75,544,76,United Kingdom
14038.0,217,1,704.5500000000001,376,29,United Kingdom
14039.0,119,1,115.08000000000001,100,4,United Kingdom
14040.0,9,18,6560.43,2501,212,United Kingdom
14042.0,269,1,431.98,180,21,United Kingdom
14043.0,35,2,302.6,152,37,United Kingdom
14044.0,30,4,1216.11,619,292,United Kingdom
14045.0,9,10,7450.08,3526,16,United Kingdom
14047.0,23,5,1705.51,830,61,United Kingdom
14049.0,35,4,4547.26,2730,262,United Kingdom
14051.0,25,8,3697.96,1232,33,United Kingdom
14053.0,30,1,170.8,150,2,United Kingdom
14055.0,121,2,795.3199999999999,504,23,United Kingdom
14057.0,22,4,1816.4,1289,117,United Kingdom
14058.0,6,2,469.19,211,23,United Kingdom
14060.0,2,5,906.7,737,22,United Kingdom
14061.0,51,3,917.4300000000001,133,17,United Kingdom
14062.0,13,7,9626.41,5011,72,United Kingdom
14063.0,230,7,9471.5,3848,29,United Kingdom
14064.0,0,8,1690.55,1890,78,United Kingdom
14068.0,147,3,1250.8700000000001,437,73,United Kingdom
14069.0,58,2,225.81,58,37,United Kingdom
14070.0,228,1,321.6,85,40,United Kingdom
14072.0,210,1,390.85,65,19,United Kingdom
14074.0,167,1,219.39999999999998,228,6,United Kingdom
14075.0,14,2,369.39,365,20,United Kingdom
14078.0,18,3,504.1,276,73,United Kingdom
14079.0,226,1,243.63,1,1,United Kingdom
14080.0,172,3,694.65,136,46,United Kingdom
14081.0,142,7,3039.46,1904,345,United Kingdom
14083.0,55,2,79.28999999999999,55,8,United Kingdom
14084.0,56,1,150.5,306,7,United Kingdom
14085.0,14,11,3688.3,1811,268,United Kingdom
14086.0,6,1,39.95,1,1,United Kingdom
14087.0,279,1,235.44,200,64,United Kingdom
14091.0,198,2,9530.08,3316,13,United Kingdom
14092.0,7,8,2281.7000000000003,1147,72,United Kingdom
14095.0,266,1,2.95,1,1,United Kingdom
14097.0,25,2,422.85999999999996,352,39,United Kingdom
14099.0,49,5,1670.5800000000002,962,98,United Kingdom
14101.0,14,5,2747.02,2336,15,United Kingdom
14103.0,209,1,0.0,5,1,United Kingdom
14104.0,92,2,370.7,280,79,United Kingdom
14105.0,154,2,2090.35,1178,75,United Kingdom
14106.0,281,1,214.79999999999998,24,1,United Kingdom
14107.0,56,3,1699.65,1374,69,United Kingdom
14108.0,275,2,447.05,292,18,United Kingdom
14110.0,13,19,6153.63,2725,122,United Kingdom
14112.0,21,5,2723.84,1744,121,United Kingdom
14113.0,70,7,2490.8900000000003,1393,41,United Kingdom
14114.0,87,2,569.35,293,34,United Kingdom
14115.0,45,2,622.6700000000001,509,22,United Kingdom
14119.0,262,1,66.48,120,3,United Kingdom
14122.0,272,2,131.58999999999997,25,3,United Kingdom
14123.0,277,1,436.18,234,24,United Kingdom
14128.0,95,1,286.71,250,19,United Kingdom
14129.0,35,2,700.62,432,22,United Kingdom
14130.0,272,1,339.87,268,62,United Kingdom
14131.0,192,1,168.22,105,45,United Kingdom
14133.0,277,1,305.5,50,8,United Kingdom
14134.0,70,10,6158.56,3308,73,United Kingdom
14135.0,1,6,3068.46,4308,53,United Kingdom
14136.0,98,4,1210.97,863,68,United Kingdom
14137.0,239,1,332.7,462,11,United Kingdom
14139.0,34,3,670.98,539,29,United Kingdom
14142.0,190,1,359.53000000000003,205,22,United Kingdom
14144.0,30,1,30.599999999999998,12,1,United Kingdom
14145.0,3,3,3857.85,899,10,United Kingdom
14146.0,177,4,1433.61,871,72,United Kingdom
14147.0,114,3,1372.6,547,10,United Kingdom
14151.0,217,2,679.45,405,44,United Kingdom
14152.0,38,2,632.41,615,34,United Kingdom
14153.0,27,1,233.4,312,17,United Kingdom
14154.0,64,3,2010.86,1162,101,United Kingdom
14156.0,3,69,154860.15,89271,821,EIRE
14157.0,190,1,152.85,59,9,United Kingdom
14159.0,59,7,2398.23,1538,240,United Kingdom
14160.0,154,7,8421.47,4661,80,United Kingdom
14161.0,32,3,1759.26,915,135,United Kingdom
14163.0,6,1,148.71,57,6,United Kingdom
14166.0,49,2,251.15,82,39,United Kingdom
14167.0,8,4,711.7,193,32,United Kingdom
14168.0,108,1,302.95,97,11,United Kingdom
14171.0,274,1,135.0,44,6,United Kingdom
14172.0,149,3,369.02,78,38,United Kingdom
14173.0,185,2,135.16,44,3,United Kingdom
14175.0,8,4,2895.32,1006,96,United Kingdom
14177.0,123,6,727.3,327,64,United Kingdom
14180.0,7,4,263.15,31,9,United Kingdom
14181.0,106,1,213.9,85,47,United Kingdom
14182.0,36,3,423.12,114,21,United Kingdom
14183.0,25,1,139.58,26,14,United Kingdom
14186.0,65,4,1185.49,1084,62,United Kingdom
14187.0,17,1,123.5,50,8,United Kingdom
14190.0,210,1,79.9,2,1,United Kingdom
14191.0,272,1,15.9,2,1,United Kingdom
14194.0,4,12,5924.14,3477,199,United Kingdom
14195.0,125,3,1215.4,1012,5,United Kingdom
14198.0,21,4,627.73,225,28,United Kingdom
14199.0,64,2,322.65,47,6,United Kingdom
14200.0,161,1,379.2,140,21,United Kingdom
14201.0,114,2,283.95,107,9,United Kingdom
14202.0,100,2,333.21000000000004,99,12,United Kingdom
14204.0,80,2,711.11,324,131,United Kingdom
14205.0,53,4,1030.1,630,39,United Kingdom
14207.0,231,1,157.8,36,2,United Kingdom
14208.0,95,1,415.31,415,25,United Kingdom
14209.0,34,5,1648.3500000000001,619,61,United Kingdom
14210.0,14,9,3276.33,1559,122,United Kingdom
14211.0,41,7,1631.01,1037,78,United Kingdom
14215.0,14,3,1460.61,823,75,United Kingdom
14217.0,35,2,689.08,272,31,United Kingdom
14219.0,37,1,395.64,238,25,United Kingdom
14220.0,111,2,882.5999999999999,196,12,United Kingdom
14221.0,14,7,2761.6,1370,55,United Kingdom
14224.0,28,3,667.1,275,79,United Kingdom
14225.0,36,3,1621.25,901,58,United Kingdom
14227.0,100,3,2014.43,1742,120,United Kingdom
14228.0,65,2,423.49,175,25,United Kingdom
14229.0,15,1,389.64,120,14,United Kingdom
14230.0,92,1,475.5,108,17,United Kingdom
14233.0,9,3,1441.55,581,30,United Kingdom
14235.0,42,4,1573.1299999999999,1055,53,United Kingdom
14236.0,14,2,524.6800000000001,364,24,United Kingdom
14237.0,134,1,310.14,200,17,United Kingdom
14238.0,206,2,287.38,78,5,United Kingdom
14239.0,27,9,1462.71,577,38,United Kingdom
14241.0,240,1,120.0,96,2,United Kingdom
14243.0,20,1,2560.4,1375,110,United Kingdom
14244.0,204,1,366.41999999999996,814,16,United Kingdom
14247.0,67,2,316.98,151,41,United Kingdom
14248.0,3,2,730.37,590,33,United Kingdom
14249.0,17,11,4874.211,2222,175,United Kingdom
14253.0,37,2,363.40000000000003,88,11,United Kingdom
14255.0,90,1,1000.63,1,1,United Kingdom
14256.0,35,3,1491.73,733,70,United Kingdom
14257.0,45,2,1845.72,1146,65,United Kingdom
14258.0,15,13,16247.02,9350,79,United Kingdom
14260.0,15,3,824.28,544,50,United Kingdom
14264.0,116,2,666.84,340,34,United Kingdom
14265.0,8,2,843.17,385,47,Unspecified
14268.0,14,1,354.85,147,19,United Kingdom
14272.0,106,2,482.85,498,31,United Kingdom
14274.0,230,1,256.6,178,15,United Kingdom
14275.0,74,3,376.08,160,7,United Kingdom
14276.0,28,3,648.24,432,33,United Kingdom
14277.0,31,4,12620.23,87565,74,France
14279.0,64,2,191.86,46,3,United Kingdom
14282.0,1,6,2624.4,1848,52,United Kingdom
14283.0,7,4,628.4399999999999,550,36,United Kingdom
14284.0,197,1,704.4,349,35,United Kingdom
14285.0,57,4,1374.41,413,33,United Kingdom
14286.0,183,3,2613.02,2985,105,United Kingdom
14290.0,185,2,1385.1100000000001,421,36,United Kingdom
14291.0,41,5,2588.06,2258,122,United Kingdom
14292.0,51,4,1866.33,955,39,United Kingdom
14293.0,231,3,1259.35,661,29,United Kingdom
14295.0,73,3,1329.75,475,45,United Kingdom
14296.0,118,1,168.25,120,11,United Kingdom
14298.0,7,27,29455.09,32671,546,United Kingdom
14299.0,8,15,7412.09,4697,84,United Kingdom
14301.0,116,2,928.62,746,27,United Kingdom
14302.0,206,2,471.25,175,20,United Kingdom
14304.0,114,1,671.97,299,39,United Kingdom
14306.0,43,2,453.28000000000003,702,11,United Kingdom
14307.0,52,4,1292.2,758,74,United Kingdom
14308.0,93,2,1147.02,2,1,United Kingdom
14309.0,94,1,664.24,541,42,United Kingdom
14311.0,111,1,206.19,89,11,United Kingdom
14312.0,48,1,785.33,643,55,United Kingdom
14315.0,108,2,716.69,323,26,United Kingdom
14316.0,91,4,1064.1,3390,20,United Kingdom
14318.0,4,1,158.02,152,9,United Kingdom
14320.0,90,3,868.96,388,46,United Kingdom
14321.0,17,1,377.12,668,35,United Kingdom
14322.0,181,2,153.60000000000002,32,3,United Kingdom
14324.0,237,1,361.81,227,23,United Kingdom
14325.0,113,1,245.48000000000002,320,18,United Kingdom
14326.0,7,2,757.13,469,48,United Kingdom
14327.0,174,3,945.32,743,54,United Kingdom
14329.0,34,6,3228.91,1809,140,United Kingdom
14330.0,167,1,200.63,103,13,United Kingdom
14334.0,15,3,1208.43,801,52,United Kingdom
14338.0,80,1,339.88,287,19,United Kingdom
14341.0,73,6,1589.67,1065,81,United Kingdom
14342.0,16,1,161.28,84,10,United Kingdom
14343.0,53,3,862.23,495,161,United Kingdom
14344.0,15,7,1312.67,498,88,United Kingdom
14346.0,41,1,672.93,807,48,United Kingdom
14347.0,280,1,82.6,48,6,United Kingdom
14355.0,171,1,301.14,324,23,United Kingdom
14361.0,122,1,214.70999999999998,251,14,United Kingdom
14365.0,225,1,324.5,330,29,United Kingdom
14366.0,69,1,136.0,16,1,United Kingdom
14369.0,186,2,469.13,255,24,United Kingdom
14370.0,32,5,1053.38,218,37,United Kingdom
14372.0,143,1,590.35,195,23,United Kingdom
14374.0,85,1,108.0,20,7,United Kingdom
14375.0,85,1,340.95,170,61,United Kingdom
14376.0,227,1,215.46,50,17,United Kingdom
14378.0,165,1,131.25,57,9,United Kingdom
14379.0,24,1,317.01,287,41,United Kingdom
14380.0,226,1,48.96,1,1,United Kingdom
14384.0,44,1,58.5,30,3,United Kingdom
14388.0,11,6,2268.15,1647,75,United Kingdom
14389.0,72,2,535.35,403,20,United Kingdom
14391.0,120,1,135.6,168,14,United Kingdom
14394.0,108,1,93.8,58,6,United Kingdom
14395.0,2,9,3769.59,1914,209,United Kingdom
14396.0,39,5,1481.39,734,136,United Kingdom
14398.0,71,1,446.49,195,31,United Kingdom
14399.0,16,5,1433.8799999999999,590,81,United Kingdom
14400.0,175,1,656.25,669,26,United Kingdom
14401.0,15,8,2450.06,1610,53,United Kingdom
14402.0,196,1,285.6,240,8,United Kingdom
14403.0,133,2,404.7,218,4,United Kingdom
14404.0,39,7,1274.81,750,64,United Kingdom
14408.0,15,4,1503.2400000000002,828,11,United Kingdom
14409.0,29,2,787.9499999999999,614,32,United Kingdom
14413.0,226,2,465.5,139,10,United Kingdom
14415.0,4,7,3930.61,2125,252,United Kingdom
14420.0,56,2,844.1,560,43,United Kingdom
14421.0,56,4,1656.26,977,57,United Kingdom
14422.0,11,10,3904.05,2052,164,United Kingdom
14423.0,238,1,244.79999999999998,96,1,United Kingdom
14425.0,266,2,422.29,235,24,United Kingdom
14426.0,4,6,5376.16,3079,241,United Kingdom
14427.0,38,2,900.1800000000001,310,27,United Kingdom
14430.0,55,3,1220.9,446,29,United Kingdom
14431.0,231,1,537.25,273,25,United Kingdom
14433.0,9,1,280.7,131,72,United Kingdom
14435.0,45,1,90.42,282,3,United Kingdom
14436.0,97,1,182.64000000000001,168,2,United Kingdom
14437.0,28,3,642.34,312,30,United Kingdom
14439.0,111,3,6001.74,1572,83,Greece
14440.0,142,4,2093.75,605,26,United Kingdom
14441.0,52,5,1890.6200000000001,505,56,United Kingdom
14442.0,3,3,2372.45,706,72,Channel Islands
14444.0,0,1,120.44,172,11,United Kingdom
14450.0,154,1,196.07999999999998,118,11,United Kingdom
14451.0,42,7,1614.57,790,145,United Kingdom
14452.0,65,1,126.05,65,29,United Kingdom
14454.0,102,3,581.35,270,58,United Kingdom
14455.0,0,3,376.06,363,25,United Kingdom
14459.0,195,1,3537.821,1543,76,United Kingdom
14460.0,130,3,389.04,674,18,United Kingdom
14461.0,28,7,3184.4900000000002,1569,286,United Kingdom
14463.0,43,1,256.95,31,2,United Kingdom
14464.0,112,2,111.0,62,4,United Kingdom
14465.0,49,7,2493.21,2021,31,United Kingdom
14466.0,92,5,1210.85,929,51,United Kingdom
14467.0,64,5,811.23,464,77,United Kingdom
14468.0,277,1,204.24,164,12,United Kingdom
14469.0,38,3,1410.38,561,82,United Kingdom
14471.0,135,2,400.95,187,38,United Kingdom
14472.0,233,1,266.05,136,41,United Kingdom
14474.0,123,1,711.23,308,97,United Kingdom
14477.0,72,2,495.0,300,3,United Kingdom
14478.0,30,3,932.5600000000001,926,42,United Kingdom
14479.0,277,1,355.13,188,30,United Kingdom
14480.0,262,1,303.85,151,17,United Kingdom
14481.0,156,2,878.4,587,69,United Kingdom
14482.0,14,2,533.4,256,32,United Kingdom
14483.0,280,1,120.0,96,4,United Kingdom
14484.0,181,2,528.6800000000001,284,24,United Kingdom
14486.0,55,2,175.5,90,4,United Kingdom
14489.0,36,2,765.1,481,40,United Kingdom
14492.0,0,6,1541.76,510,57,United Kingdom
14493.0,51,4,1869.1,1297,161,United Kingdom
14494.0,275,1,114.3,30,1,United Kingdom
14495.0,203,1,51.0,6,1,United Kingdom
14496.0,123,2,1031.74,416,38,United Kingdom
14497.0,217,1,221.69,97,11,United Kingdom
14498.0,31,3,832.15,297,75,United Kingdom
14499.0,13,1,357.11,185,21,United Kingdom
14505.0,22,10,4958.67,2073,478,United Kingdom
14506.0,143,1,391.5,52,12,United Kingdom
14507.0,193,2,392.9,121,30,United Kingdom
14508.0,84,2,291.81,143,55,United Kingdom
14509.0,78,1,110.95,38,25,United Kingdom
14512.0,58,4,623.6800000000001,308,29,United Kingdom
14513.0,112,1,271.46000000000004,136,5,United Kingdom
14514.0,56,5,2445.64,1363,146,United Kingdom
14515.0,94,1,196.1,120,20,United Kingdom
14516.0,60,1,151.17,63,35,United Kingdom
14519.0,227,2,203.14,81,38,United Kingdom
14521.0,35,1,199.45000000000002,211,17,United Kingdom
14522.0,139,4,773.8800000000001,431,23,United Kingdom
14525.0,27,6,2577.31,1711,99,United Kingdom
14527.0,3,51,16423.36,3954,337,United Kingdom
14530.0,64,7,1904.45,893,135,United Kingdom
14531.0,23,1,376.34,260,29,United Kingdom
14532.0,74,5,2141.3,689,171,United Kingdom
14533.0,21,3,1212.15,1617,18,United Kingdom
14534.0,73,3,800.32,416,76,United Kingdom
14535.0,51,5,2641.65,1136,336,United Kingdom
14537.0,167,1,285.84000000000003,108,13,United Kingdom
14538.0,74,3,982.59,129,28,United Kingdom
14540.0,21,6,1889.95,858,124,United Kingdom
14541.0,23,5,939.78,441,49,United Kingdom
14543.0,9,19,8159.69,1313,72,United Kingdom
14544.0,14,1,934.23,876,68,United Kingdom
14545.0,218,1,349.25,236,23,United Kingdom
14546.0,53,4,1800.28,949,202,United Kingdom
14548.0,28,7,1888.49,730,66,United Kingdom
14549.0,137,2,507.36,198,70,United Kingdom
14550.0,27,1,289.51,254,26,United Kingdom
14551.0,46,2,178.85,123,7,United Kingdom
14552.0,136,1,173.72,93,57,United Kingdom
14553.0,53,2,478.81,345,84,United Kingdom
14555.0,71,3,1277.64,470,54,United Kingdom
14556.0,140,3,815.69,323,158,United Kingdom
14558.0,198,3,655.5,162,13,United Kingdom
14560.0,18,17,3283.43,2707,36,United Kingdom
14562.0,7,7,1259.38,624,96,United Kingdom
14563.0,53,2,640.54,279,95,United Kingdom
14564.0,279,1,989.18,439,39,Channel Islands
14565.0,17,1,760.1,400,33,United Kingdom
14566.0,20,2,1340.0,800,6,Channel Islands
14569.0,37,2,236.39999999999998,128,17,United Kingdom
14572.0,102,2,986.25,519,72,United Kingdom
14573.0,88,4,523.3,149,77,United Kingdom
14574.0,276,1,143.70000000000002,63,11,United Kingdom
14575.0,32,1,420.22,163,71,United Kingdom
14577.0,225,2,320.79,143,32,United Kingdom
14580.0,62,1,14.850000000000001,3,1,United Kingdom
14581.0,88,1,271.05,87,43,United Kingdom
14583.0,77,2,497.43,252,115,United Kingdom
14584.0,71,3,540.7,484,69,United Kingdom
14588.0,122,1,135.39,62,16,United Kingdom
14590.0,23,18,2648.91,792,103,United Kingdom
14593.0,80,7,1938.44,876,224,United Kingdom
14595.0,232,1,202.35,114,20,United Kingdom
14596.0,170,1,222.22000000000003,75,50,United Kingdom
14598.0,113,1,162.07,165,40,United Kingdom
14599.0,53,1,178.89000000000001,85,14,United Kingdom
14602.0,200,1,205.35999999999999,80,31,United Kingdom
14604.0,177,1,143.85999999999999,88,20,United Kingdom
14605.0,141,3,574.36,252,62,United Kingdom
14606.0,0,78,13974.82,6838,966,United Kingdom
14607.0,11,8,7553.63,3809,76,United Kingdom
14608.0,59,5,857.24,293,8,United Kingdom
14609.0,3,5,620.64,3294,5,United Kingdom
14610.0,58,1,13.45,11,6,United Kingdom
14611.0,142,1,291.4,267,19,United Kingdom
14613.0,224,1,76.32000000000001,72,1,United Kingdom
14615.0,48,3,515.75,272,26,United Kingdom
14616.0,92,1,42.5,50,1,United Kingdom
14618.0,90,1,245.73000000000002,95,9,United Kingdom
14619.0,85,1,896.8000000000001,442,40,United Kingdom
14621.0,55,4,1212.21,713,63,United Kingdom
14623.0,78,3,675.33,352,96,United Kingdom
14624.0,78,3,487.66,387,28,United Kingdom
14625.0,31,4,1924.2,1094,92,United Kingdom
14626.0,51,5,1885.62,1482,75,United Kingdom
14628.0,185,2,693.73,398,30,United Kingdom
14630.0,28,1,338.65,111,21,United Kingdom
14631.0,31,1,317.95,277,19,United Kingdom
14634.0,9,3,1772.26,1630,88,United Kingdom
14637.0,221,1,106.67999999999999,100,7,United Kingdom
14639.0,63,2,1353.09,647,74,United Kingdom
14640.0,57,3,1202.63,628,75,United Kingdom
14643.0,161,3,986.08,562,28,United Kingdom
14644.0,38,2,743.5,378,23,United Kingdom
14645.0,178,1,279.8,206,18,United Kingdom
14646.0,2,47,168648.65,114444,395,Netherlands
14647.0,67,1,270.0,84,18,United Kingdom
14648.0,55,12,3806.17,2899,274,United Kingdom
14649.0,106,3,1278.04,859,168,United Kingdom
14650.0,133,1,62.5,22,4,United Kingdom
14651.0,73,5,929.47,331,74,United Kingdom
14653.0,57,5,1666.41,1024,132,United Kingdom
14654.0,282,1,246.86,273,27,United Kingdom
14655.0,66,2,1533.74,850,28,United Kingdom
14656.0,57,2,315.77,128,67,United Kingdom
14662.0,176,2,218.25,87,32,United Kingdom
14665.0,136,1,279.6,103,12,United Kingdom
14667.0,1,23,8171.48,4681,286,United Kingdom
14669.0,177,4,1957.54,1273,203,United Kingdom
14670.0,276,1,190.47,97,56,United Kingdom
14671.0,93,2,1127.45,571,48,United Kingdom
14672.0,59,2,347.59,192,38,United Kingdom
14674.0,53,1,173.66,103,14,United Kingdom
14676.0,74,3,1091.64,1164,18,United Kingdom
14677.0,136,1,184.91,139,14,United Kingdom
14678.0,123,1,403.39,179,24,United Kingdom
14679.0,65,2,916.9,408,33,United Kingdom
14680.0,3,36,22656.77,11336,177,United Kingdom
14681.0,188,2,168.0,36,10,United Kingdom
14682.0,79,3,606.17,267,29,United Kingdom
14683.0,132,1,146.56,386,21,United Kingdom
14685.0,120,8,4536.64,1969,109,United Kingdom
14686.0,203,2,302.92,210,87,United Kingdom
14687.0,95,1,311.65999999999997,138,10,United Kingdom
14688.0,0,1,359.28,219,49,United Kingdom
14692.0,28,5,591.09,287,47,United Kingdom
14693.0,11,4,610.96,224,37,United Kingdom
14694.0,161,1,244.31,193,15,United Kingdom
14695.0,63,3,1534.22,661,76,United Kingdom
14699.0,37,2,417.54,254,28,United Kingdom
14700.0,29,1,341.37,123,28,United Kingdom
14701.0,66,3,1009.2,397,133,United Kingdom
14702.0,28,9,2458.05,1111,160,United Kingdom
14704.0,168,1,112.14,51,34,United Kingdom
14706.0,162,1,367.54,246,25,United Kingdom
14707.0,120,1,69.6,48,1,United Kingdom
14709.0,4,9,3137.95,1307,55,United Kingdom
14710.0,66,7,978.47,560,150,United Kingdom
14713.0,42,7,1423.05,1020,95,United Kingdom
14714.0,119,2,463.12,264,49,United Kingdom
14715.0,64,3,794.87,317,56,United Kingdom
14717.0,277,1,81.3,32,11,United Kingdom
14722.0,21,2,309.1,96,53,United Kingdom
14723.0,86,3,428.89,336,84,United Kingdom
14724.0,134,1,341.9,184,40,United Kingdom
14725.0,78,2,266.81,238,22,United Kingdom
14726.0,198,1,116.5,82,15,United Kingdom
14727.0,90,2,195.15,396,33,United Kingdom
14729.0,169,2,272.75,175,59,United Kingdom
14732.0,49,9,1979.95,587,61,United Kingdom
14734.0,37,2,437.08,98,22,United Kingdom
14735.0,17,17,4083.4700000000003,1685,92,United Kingdom
14736.0,29,2,374.05,148,70,United Kingdom
14738.0,105,2,507.45,156,23,United Kingdom
14739.0,7,14,5827.6,4410,93,United Kingdom
14740.0,1,6,1965.71,960,79,United Kingdom
14743.0,136,1,50.48,40,3,United Kingdom
14744.0,107,4,1137.7,514,41,United Kingdom
14745.0,45,7,1331.15,931,39,United Kingdom
14748.0,64,3,728.37,793,23,United Kingdom
14749.0,23,1,310.15,403,18,United Kingdom
14750.0,280,1,112.03,65,32,United Kingdom
14751.0,228,2,126.45,65,7,United Kingdom
14753.0,4,1,306.36,201,18,United Kingdom
14754.0,71,3,502.88,234,59,United Kingdom
14755.0,15,12,3386.4700000000003,1512,112,United Kingdom
14758.0,52,2,1059.55,321,39,United Kingdom
14762.0,170,1,117.05000000000001,87,9,United Kingdom
14766.0,16,3,2680.6,1977,122,United Kingdom
14767.0,18,1,382.81,117,18,United Kingdom
14769.0,14,6,3360.48,2738,179,United Kingdom
14770.0,11,6,2761.2200000000003,1108,119,United Kingdom
14771.0,165,2,594.62,622,46,United Kingdom
14773.0,136,1,140.55,53,10,United Kingdom
14774.0,72,1,241.45,99,13,United Kingdom
14783.0,203,1,307.3,262,17,United Kingdom
14786.0,94,1,90.96,112,7,United Kingdom
14787.0,15,1,110.65,59,14,United Kingdom
14788.0,140,1,476.88,298,28,United Kingdom
14790.0,77,4,1035.44,1205,42,United Kingdom
14791.0,150,1,303.63,127,19,United Kingdom
14793.0,79,1,396.91,270,25,United Kingdom
14794.0,31,1,121.59,60,9,United Kingdom
14796.0,7,5,944.82,365,85,United Kingdom
14797.0,51,1,300.31,99,16,United Kingdom
14798.0,76,4,530.17,427,20,United Kingdom
14799.0,281,1,180.45,349,10,United Kingdom
14805.0,60,2,355.75,220,51,United Kingdom
14807.0,193,1,349.64,176,24,United Kingdom
14809.0,165,2,686.76,232,18,United Kingdom
14812.0,142,1,178.85,135,36,United Kingdom
14813.0,154,1,435.66,126,58,United Kingdom
14814.0,125,1,154.21,93,28,United Kingdom
14817.0,56,3,1559.73,1119,72,United Kingdom
14818.0,2,3,495.76,219,52,United Kingdom
14819.0,38,2,184.34,61,40,United Kingdom
14820.0,136,2,265.12,188,12,United Kingdom
14821.0,175,3,293.65,67,6,United Kingdom
14822.0,29,1,157.70000000000002,94,9,United Kingdom
14824.0,108,3,1614.65,825,58,United Kingdom
14825.0,51,7,1393.96,731,80,United Kingdom
14826.0,125,2,385.2,152,10,United Kingdom
14827.0,209,1,0.0,5,1,United Kingdom
14828.0,41,7,5810.64,6096,50,United Kingdom
14831.0,224,3,1676.57,885,67,United Kingdom
14832.0,174,1,322.69,1,1,United Kingdom
14833.0,42,1,94.8,58,7,United Kingdom
14835.0,72,2,297.0,180,1,United Kingdom
14837.0,9,4,1437.2,1364,75,United Kingdom
14838.0,280,1,119.10000000000001,18,4,United Kingdom
14839.0,123,2,609.08,490,51,United Kingdom
14840.0,83,1,299.86,148,18,United Kingdom
14841.0,37,6,2640.09,1791,100,United Kingdom
14844.0,38,3,2690.5,1947,93,United Kingdom
14845.0,143,1,150.0,600,1,United Kingdom
14847.0,108,1,304.79999999999995,156,13,United Kingdom
14849.0,34,13,5682.28,4507,130,United Kingdom
14850.0,112,2,473.32,349,74,United Kingdom
14851.0,174,1,318.06,306,14,United Kingdom
14852.0,21,9,2531.42,2015,61,United Kingdom
14853.0,87,2,581.87,167,14,United Kingdom
14854.0,45,3,1255.58,1008,66,United Kingdom
14855.0,18,5,5874.65,3243,156,United Kingdom
14857.0,100,3,1586.821,1052,85,United Kingdom
14858.0,49,1,180.75,105,11,United Kingdom
14859.0,98,1,351.9,217,8,United Kingdom
14861.0,31,6,781.63,462,43,United Kingdom
14865.0,282,1,31.200000000000003,48,1,United Kingdom
14866.0,14,1,10.0,1,1,United Kingdom
14867.0,74,12,1883.3799999999999,566,48,United Kingdom
14869.0,18,3,1556.79,1209,121,United Kingdom
14870.0,58,4,1119.65,263,29,United Kingdom
14871.0,37,5,726.89,267,73,United Kingdom
14872.0,27,3,816.6,662,34,United Kingdom
14873.0,177,1,334.45,143,21,United Kingdom
14874.0,79,1,116.18,148,6,United Kingdom
14876.0,65,2,256.7,162,12,United Kingdom
14877.0,186,1,206.7,97,31,United Kingdom
14878.0,18,11,1738.77,1130,84,United Kingdom
14879.0,228,1,185.06,104,27,United Kingdom
14882.0,59,8,1104.3,870,17,United Kingdom
14884.0,213,1,120.6,72,8,United Kingdom
14885.0,9,1,241.2,120,3,United Kingdom
14890.0,162,2,691.6,585,49,United Kingdom
14892.0,234,1,202.35000000000002,79,13,United Kingdom
14893.0,161,1,571.76,248,33,United Kingdom
14894.0,281,1,299.70000000000005,54,3,United Kingdom
14895.0,15,15,12319.89,5191,220,United Kingdom
14896.0,57,6,1357.23,652,132,United Kingdom
14897.0,136,2,621.66,342,33,United Kingdom
14898.0,43,6,1440.67,805,107,United Kingdom
14900.0,66,1,13.919999999999998,48,1,United Kingdom
14901.0,8,2,296.96000000000004,140,20,United Kingdom
14902.0,97,1,398.40000000000003,240,24,United Kingdom
14905.0,51,4,977.7,520,27,United Kingdom
14907.0,146,1,294.72,110,18,United Kingdom
14908.0,7,1,104.10000000000001,50,5,United Kingdom
14909.0,108,2,1105.28,678,53,United Kingdom
14911.0,1,122,86787.46,37078,1323,EIRE
14912.0,134,2,496.99999999999994,418,19,Italy
14913.0,29,1,651.46,704,48,United Kingdom
14915.0,3,5,1006.1,444,48,United Kingdom
14916.0,123,3,1218.81,943,40,United Kingdom
14917.0,140,2,1123.75,891,29,United Kingdom
14918.0,0,6,3316.37,1429,50,United Kingdom
14919.0,83,1,359.35,129,13,United Kingdom
14920.0,109,1,629.4,377,40,United Kingdom
14922.0,51,1,540.29,245,33,United Kingdom
14924.0,154,2,620.96,248,20,United Kingdom
14926.0,142,1,220.2,108,2,United Kingdom
14928.0,171,1,223.91000000000003,268,21,United Kingdom
14930.0,14,3,2873.77,1033,129,Channel Islands
14935.0,163,1,1065.12,996,16,Channel Islands
14936.0,127,2,1194.48,584,59,Channel Islands
14938.0,106,2,2322.43,1369,71,Channel Islands
14940.0,277,1,182.01,105,10,United Kingdom
14941.0,122,1,182.1,80,7,United Kingdom
14942.0,136,3,440.78,204,11,United Kingdom
14943.0,207,1,107.62,46,5,United Kingdom
14944.0,22,4,2461.72,1562,78,United Kingdom
14947.0,73,3,588.52,202,29,United Kingdom
14949.0,13,4,515.0,250,16,United Kingdom
14952.0,2,16,6478.5,2146,117,United Kingdom
14954.0,247,1,167.27,92,41,United Kingdom
14955.0,276,1,163.77,74,30,United Kingdom
14957.0,188,1,203.2,63,15,United Kingdom
14958.0,139,3,458.26,120,26,United Kingdom
14961.0,43,7,6580.02,3669,175,United Kingdom
14962.0,83,3,240.21000000000004,79,9,United Kingdom
14963.0,69,1,189.66,182,33,United Kingdom
14966.0,267,2,324.47,535,41,United Kingdom
14967.0,203,2,769.61,228,13,United Kingdom
14968.0,2,1,353.65,130,47,United Kingdom
14969.0,247,1,906.23,665,13,United Kingdom
14970.0,74,7,2854.79,662,53,United Kingdom
14977.0,269,1,31.929999999999996,17,4,United Kingdom
14978.0,52,4,857.58,153,45,United Kingdom
14979.0,279,1,429.66,209,42,United Kingdom
14980.0,281,1,150.68,79,24,United Kingdom
14982.0,116,1,237.78,125,39,United Kingdom
14983.0,233,1,183.20000000000002,90,30,United Kingdom
14984.0,95,3,509.5,146,11,United Kingdom
14986.0,228,1,323.38,170,51,United Kingdom
14987.0,262,4,566.6999999999999,218,3,United Kingdom
14988.0,128,2,491.42,422,52,United Kingdom
14989.0,205,1,342.4,200,18,United Kingdom
14990.0,156,2,304.17,129,41,United Kingdom
14993.0,107,1,36.13,21,9,United Kingdom
14994.0,132,2,346.44,212,104,United Kingdom
14996.0,25,2,442.28999999999996,404,37,United Kingdom
14997.0,199,1,230.4,288,12,United Kingdom
14998.0,149,1,113.49,14,14,United Kingdom
14999.0,136,1,129.48000000000002,88,9,United Kingdom
15002.0,51,5,2496.32,1352,152,United Kingdom
15003.0,17,6,1027.03,525,253,United Kingdom
15005.0,0,22,5781.63,3529,352,United Kingdom
15008.0,24,2,360.0,1500,6,United Kingdom
15012.0,120,1,241.22,158,68,United Kingdom
15013.0,31,10,1610.82,1715,177,United Kingdom
15015.0,45,13,2354.97,1584,158,United Kingdom
15016.0,87,1,140.31,69,30,United Kingdom
15021.0,42,1,235.07,100,77,United Kingdom
15022.0,221,1,281.05,113,19,United Kingdom
15023.0,42,7,3513.12,1397,207,United Kingdom
15025.0,112,1,617.83,319,72,United Kingdom
15027.0,107,4,1156.16,582,35,United Kingdom
15029.0,163,1,365.1,234,10,United Kingdom
15030.0,95,3,946.5300000000001,535,15,United Kingdom
15031.0,83,7,1945.84,915,124,United Kingdom
15032.0,30,3,2783.95,1653,16,United Kingdom
15034.0,69,2,1110.7,706,105,United Kingdom
15039.0,2,34,12270.65,5622,256,United Kingdom
15040.0,85,1,7.49,1,1,United Kingdom
15042.0,139,1,179.52,208,4,United Kingdom
15043.0,7,5,2333.3199999999997,719,39,United Kingdom
15044.0,64,10,5190.38,1592,152,United Kingdom
15046.0,32,9,2138.81,1021,128,United Kingdom
15050.0,24,1,1287.09,695,46,United Kingdom
15051.0,44,4,1539.49,1350,82,United Kingdom
15055.0,18,3,549.12,225,77,United Kingdom
15056.0,64,1,113.64999999999999,69,6,United Kingdom
15057.0,169,2,865.04,358,26,United Kingdom
15058.0,11,3,772.9,341,39,United Kingdom
15059.0,18,7,1560.54,702,148,United Kingdom
15061.0,6,53,52028.15,32625,104,United Kingdom
15062.0,44,3,1062.43,686,56,United Kingdom
15064.0,36,3,864.0600000000001,509,49,United Kingdom
15067.0,151,1,764.64,516,38,United Kingdom
15068.0,165,1,334.87,205,57,United Kingdom
15070.0,135,2,630.85,311,26,United Kingdom
15071.0,114,1,166.24,62,11,United Kingdom
15072.0,23,1,187.51999999999998,164,13,United Kingdom
15073.0,140,2,725.78,457,40,United Kingdom
15074.0,11,1,359.65999999999997,364,22,United Kingdom
15076.0,36,2,566.89,295,30,United Kingdom
15077.0,38,2,2428.08,528,28,United Kingdom
15078.0,8,15,5806.12,2820,58,United Kingdom
15079.0,14,7,2729.79,1070,82,United Kingdom
15080.0,45,1,361.35,173,20,United Kingdom
15081.0,7,4,960.5,438,37,United Kingdom
15082.0,212,1,93.35000000000001,43,6,United Kingdom
15084.0,189,1,349.4,84,12,United Kingdom
15085.0,273,1,347.54,169,9,United Kingdom
15086.0,108,2,218.53,95,10,United Kingdom
15091.0,218,2,565.9,236,27,United Kingdom
15092.0,6,1,318.65,95,19,United Kingdom
15093.0,15,9,6773.66,5848,81,United Kingdom
15094.0,7,2,83.0,28,4,United Kingdom
15095.0,36,4,1254.29,785,54,United Kingdom
15097.0,127,2,660.27,254,39,United Kingdom
15100.0,245,1,217.2,64,7,United Kingdom
15101.0,59,4,1160.41,435,48,United Kingdom
15102.0,74,2,554.67,339,26,United Kingdom
15105.0,170,1,330.38,184,20,United Kingdom
15109.0,123,2,498.15000000000003,127,18,United Kingdom
15110.0,29,1,301.65000000000003,49,10,United Kingdom
15111.0,136,1,286.81,163,17,United Kingdom
15112.0,155,1,209.4,72,7,United Kingdom
15115.0,276,1,191.74,88,14,United Kingdom
15117.0,178,2,359.69,405,24,United Kingdom
15122.0,3,6,2351.34,962,81,United Kingdom
15123.0,177,1,456.65999999999997,342,24,United Kingdom
15124.0,20,2,266.63,229,16,United Kingdom
15125.0,23,9,5496.39,2240,72,United Kingdom
15126.0,80,2,449.49,273,25,United Kingdom
15127.0,63,1,304.97,213,12,United Kingdom
15129.0,0,9,2552.95,1719,47,United Kingdom
15133.0,64,1,518.78,140,13,United Kingdom
15135.0,100,1,166.63,41,11,United Kingdom
15137.0,64,2,823.4,596,34,United Kingdom
15141.0,1,7,1388.47,1197,44,United Kingdom
15142.0,28,2,1283.06,1132,75,United Kingdom
15144.0,22,7,3457.82,1184,55,United Kingdom
15149.0,120,4,1033.81,252,44,United Kingdom
15150.0,0,3,3686.61,2525,231,United Kingdom
15151.0,53,1,969.35,149,20,United Kingdom
15152.0,245,1,518.14,290,29,United Kingdom
15154.0,22,2,1089.44,244,101,United Kingdom
15157.0,113,2,718.04,1074,27,United Kingdom
15162.0,275,1,312.9,74,12,United Kingdom
15164.0,60,4,721.43,340,143,United Kingdom
15166.0,11,1,167.16,140,12,United Kingdom
15167.0,217,1,659.43,361,119,United Kingdom
15169.0,270,1,356.17,225,48,United Kingdom
15173.0,78,5,1085.83,601,50,United Kingdom
15176.0,211,1,988.04,448,52,United Kingdom
15179.0,70,6,4084.73,2387,122,United Kingdom
15180.0,133,1,452.84000000000003,369,28,United Kingdom
15181.0,275,1,162.72,48,1,United Kingdom
15182.0,43,4,1622.2710000000002,655,54,United Kingdom
15183.0,91,3,639.93,297,33,United Kingdom
15184.0,267,1,123.19,161,11,United Kingdom
15186.0,18,3,991.7900000000001,501,22,United Kingdom
15188.0,269,1,310.43,233,23,United Kingdom
15189.0,2,2,386.88000000000005,320,7,United Kingdom
15191.0,7,3,588.05,287,33,United Kingdom
15192.0,119,2,622.07,530,35,United Kingdom
15194.0,16,7,2651.31,1895,79,United Kingdom
15196.0,270,1,149.7,66,23,United Kingdom
15197.0,272,1,117.96000000000001,60,4,United Kingdom
15198.0,161,2,207.31,129,15,United Kingdom
15199.0,8,4,1241.7,308,16,United Kingdom
15200.0,38,1,549.05,195,30,United Kingdom
15201.0,155,1,293.06,247,15,United Kingdom
15203.0,27,7,1937.45,1918,92,United Kingdom
15207.0,91,1,408.0,232,11,United Kingdom
15209.0,274,1,178.98000000000002,94,13,United Kingdom
15210.0,119,1,301.92,252,17,United Kingdom
15215.0,128,2,466.22,178,25,United Kingdom
15216.0,162,1,389.49,189,22,United Kingdom
15217.0,107,1,426.24,190,28,United Kingdom
15218.0,37,9,4568.47,2557,80,United Kingdom
15219.0,192,1,379.7,226,17,United Kingdom
15221.0,137,2,787.1500000000001,113,12,United Kingdom
15222.0,16,10,2965.91,4018,97,United Kingdom
15223.0,153,3,662.2,172,12,United Kingdom
15224.0,56,3,549.28,291,19,United Kingdom
15227.0,7,3,885.14,342,42,United Kingdom
15228.0,43,1,960.41,491,47,United Kingdom
15229.0,130,1,160.5,114,9,United Kingdom
15231.0,165,1,250.26,190,14,United Kingdom
15240.0,76,3,1482.73,933,72,United Kingdom
15241.0,114,2,848.26,908,46,United Kingdom
15244.0,210,1,280.51,67,14,United Kingdom
15245.0,17,4,1558.54,955,32,United Kingdom
15246.0,99,1,266.25,112,18,United Kingdom
15247.0,21,2,620.06,354,10,United Kingdom
15248.0,20,2,1690.38,1012,97,United Kingdom
15249.0,56,4,2142.64,1161,101,United Kingdom
15250.0,184,1,60.0,48,3,United Kingdom
15251.0,42,9,8899.51,5505,87,United Kingdom
15252.0,120,2,992.87,742,54,United Kingdom
15253.0,66,2,912.79,607,49,United Kingdom
15254.0,90,2,787.99,436,46,United Kingdom
15255.0,4,4,1400.59,1081,52,United Kingdom
15256.0,105,1,71.95,37,4,United Kingdom
15259.0,56,4,1182.3799999999999,631,50,United Kingdom
15260.0,6,17,5317.05,2516,135,United Kingdom
15262.0,32,1,127.07,81,9,United Kingdom
15264.0,74,1,454.66,178,32,United Kingdom
15265.0,148,2,1839.52,958,109,United Kingdom
15266.0,230,2,292.2,68,10,United Kingdom
15268.0,22,3,961.9000000000001,428,21,United Kingdom
15270.0,162,8,3471.7200000000003,1266,17,United Kingdom
15271.0,1,3,933.42,530,189,United Kingdom
15272.0,57,3,1029.59,284,178,United Kingdom
15273.0,143,1,228.96,216,1,United Kingdom
15278.0,105,4,496.15999999999997,458,29,United Kingdom
15279.0,52,3,982.16,446,47,United Kingdom
15280.0,32,2,284.4,353,39,United Kingdom
15282.0,114,1,348.59,395,27,United Kingdom
15283.0,31,2,114.43,25,8,United Kingdom
15284.0,44,1,24.75,5,1,United Kingdom
15287.0,281,1,58.2,55,4,United Kingdom
15288.0,139,2,766.46,365,44,United Kingdom
15289.0,2,2,653.3100000000001,619,33,United Kingdom
15290.0,8,5,1522.54,1242,24,United Kingdom
15291.0,53,18,6082.26,1434,57,United Kingdom
15293.0,209,1,247.5,178,19,United Kingdom
15295.0,198,1,207.04,139,50,United Kingdom
15296.0,28,4,5483.31,3128,231,United Kingdom
15298.0,9,9,3359.05,2333,126,United Kingdom
15299.0,240,1,731.52,192,1,United Kingdom
15302.0,274,1,308.0,102,15,United Kingdom
15303.0,109,2,650.16,266,36,United Kingdom
15305.0,99,1,93.6,40,5,United Kingdom
15306.0,44,6,2310.38,2264,80,United Kingdom
15309.0,154,4,797.96,440,49,United Kingdom
15310.0,22,1,1634.64,1476,45,United Kingdom
15311.0,2,87,45169.29,26490,506,United Kingdom
15312.0,125,5,1414.89,737,61,United Kingdom
15317.0,221,1,129.75,45,5,United Kingdom
15321.0,107,8,3005.91,1988,152,United Kingdom
15322.0,20,1,711.18,555,41,United Kingdom
15323.0,106,3,434.6,188,29,United Kingdom
15324.0,245,1,140.22000000000003,74,8,United Kingdom
15325.0,17,5,966.0600000000001,773,82,United Kingdom
15326.0,153,4,1388.81,965,78,United Kingdom
15329.0,85,5,1142.58,470,45,United Kingdom
15331.0,43,3,767.91,701,41,United Kingdom
15332.0,57,1,1706.23,971,78,Lithuania
15338.0,221,1,277.93,148,56,United Kingdom
15339.0,1,3,547.15,277,91,United Kingdom
15340.0,105,1,105.5,76,7,United Kingdom
15352.0,92,1,111.15,40,34,United Kingdom
15353.0,22,4,1556.41,861,208,United Kingdom
15354.0,147,3,284.4,3,1,United Kingdom
15358.0,13,10,4615.45,4633,160,United Kingdom
15359.0,206,8,181.35,145,10,United Kingdom
15361.0,70,3,270.15000000000003,37,3,United Kingdom
15362.0,282,1,310.75,145,23,United Kingdom
15363.0,36,1,352.11,239,19,United Kingdom
15365.0,28,4,980.76,445,42,United Kingdom
15366.0,94,3,1126.79,1198,46,United Kingdom
15367.0,2,6,2613.34,1553,132,United Kingdom
15369.0,36,11,6251.26,3288,44,United Kingdom
15371.0,206,1,59.400000000000006,12,1,United Kingdom
15372.0,43,5,2776.08,2616,8,United Kingdom
15373.0,44,4,515.9300000000001,202,41,United Kingdom
15374.0,168,1,139.32,164,6,United Kingdom
15375.0,234,1,60.959999999999994,84,6,United Kingdom
15378.0,6,2,246.5,130,8,United Kingdom
15380.0,93,5,1224.26,470,6,United Kingdom
15381.0,85,2,1099.8600000000001,366,13,United Kingdom
15382.0,125,3,3766.73,2459,110,United Kingdom
15384.0,136,1,276.5,331,21,United Kingdom
15385.0,221,1,307.8,151,5,United Kingdom
15387.0,36,1,468.65,335,20,United Kingdom
15389.0,99,3,1733.8,3140,2,United Kingdom
15391.0,128,1,289.87,109,12,United Kingdom
15393.0,111,3,659.48,228,29,United Kingdom
15394.0,18,5,1883.44,1076,68,United Kingdom
15396.0,127,1,508.20000000000005,156,2,United Kingdom
15400.0,35,2,481.1,222,10,United Kingdom
15401.0,112,1,136.20000000000002,74,9,United Kingdom
15402.0,23,3,1047.43,1010,56,United Kingdom
15403.0,35,2,170.88,492,6,United Kingdom
15405.0,120,1,310.74,155,22,United Kingdom
15409.0,265,1,131.25,59,9,United Kingdom
15410.0,112,2,1234.88,702,32,United Kingdom
15413.0,235,5,6798.72,2694,20,United Kingdom
15416.0,22,3,588.5,330,36,United Kingdom
15418.0,130,1,206.49,106,11,United Kingdom
15420.0,102,5,636.0,678,41,United Kingdom
15421.0,22,5,2063.97,1020,123,United Kingdom
15422.0,114,2,758.7,379,48,United Kingdom
15423.0,125,2,223.39,97,12,United Kingdom
15424.0,7,1,214.44,319,16,United Kingdom
15425.0,72,3,1783.6200000000001,991,111,United Kingdom
15426.0,46,2,561.72,339,131,United Kingdom
15428.0,181,2,381.72,130,21,United Kingdom
15430.0,11,2,954.75,309,36,United Kingdom
15431.0,46,1,153.24,84,2,United Kingdom
15432.0,85,1,149.57,27,6,United Kingdom
15434.0,228,1,285.35,73,19,United Kingdom
15437.0,184,1,193.29000000000002,98,12,United Kingdom
15439.0,197,2,748.85,344,28,United Kingdom
15441.0,274,1,301.57,139,13,United Kingdom
15443.0,18,7,1900.64,1060,212,United Kingdom
15445.0,134,1,171.0,60,9,United Kingdom
15446.0,172,2,230.77,181,60,United Kingdom
15447.0,71,4,337.71000000000004,143,20,United Kingdom
15448.0,218,1,294.17,255,21,United Kingdom
15451.0,143,1,104.76,32,29,United Kingdom
15452.0,16,2,1075.85,715,122,United Kingdom
15454.0,162,1,126.89,60,15,United Kingdom
15455.0,141,1,38.25,3,2,United Kingdom
15456.0,36,6,1403.44,1670,101,United Kingdom
15459.0,41,1,97.83,61,5,United Kingdom
15461.0,4,2,429.7,230,1,United Kingdom
15465.0,11,10,2554.7200000000003,765,65,United Kingdom
15466.0,150,2,899.71,479,127,United Kingdom
15470.0,119,1,63.419999999999995,232,4,United Kingdom
15471.0,94,1,269.25,117,18,United Kingdom
15474.0,139,1,150.35,55,19,United Kingdom
15477.0,193,1,368.4,216,2,United Kingdom
15478.0,119,1,583.56,319,24,United Kingdom
15479.0,277,1,147.4,38,9,United Kingdom
15480.0,9,4,5373.5,1549,162,Malta
15482.0,144,6,2842.43,1199,25,United Kingdom
15483.0,83,4,292.95,365,92,United Kingdom
15484.0,84,2,1061.69,924,53,United Kingdom
15485.0,225,3,1222.92,536,29,United Kingdom
15486.0,71,1,102.0,40,1,United Kingdom
15487.0,223,1,231.32,144,14,United Kingdom
15488.0,0,4,340.6,178,8,United Kingdom
15489.0,3,4,881.35,460,36,United Kingdom
15493.0,45,3,1159.93,330,137,United Kingdom
15494.0,22,3,2422.02,1913,219,United Kingdom
15496.0,175,1,146.14000000000001,98,22,United Kingdom
15497.0,14,6,5389.51,1597,44,United Kingdom
15498.0,8,9,8023.9400000000005,4229,239,United Kingdom
15499.0,267,1,158.65,59,40,United Kingdom
15502.0,98,1,1626.21,784,84,United Kingdom
15503.0,270,1,116.26,60,50,United Kingdom
15504.0,64,3,349.87,108,33,United Kingdom
15506.0,21,1,195.51,77,18,United Kingdom
15512.0,220,1,39.0,60,1,United Kingdom
15513.0,59,12,6466.79,2674,110,United Kingdom
15514.0,139,5,1687.7,1564,66,United Kingdom
15518.0,63,6,1877.25,1273,150,United Kingdom
15521.0,46,5,2487.5299999999997,1541,77,United Kingdom
15523.0,1,12,9144.57,7272,54,United Kingdom
15524.0,150,1,151.4,24,8,United Kingdom
15527.0,46,12,2371.36,1009,106,United Kingdom
15530.0,56,1,311.37,390,31,United Kingdom
15532.0,44,3,1129.73,481,179,United Kingdom
15534.0,269,1,162.25,63,8,United Kingdom
15538.0,81,6,3358.3999999999996,1016,3,United Kingdom
15542.0,56,3,855.71,418,212,United Kingdom
15543.0,3,1,114.4,81,28,United Kingdom
15544.0,43,10,3774.67,3163,115,United Kingdom
15546.0,150,2,1079.1000000000001,198,6,United Kingdom
15547.0,18,9,3683.56,2228,279,United Kingdom
15548.0,139,1,158.09,64,23,United Kingdom
15549.0,87,4,493.95,149,31,United Kingdom
15550.0,45,5,866.76,554,75,United Kingdom
15551.0,94,1,280.87,167,31,United Kingdom
15552.0,167,1,162.4,106,13,United Kingdom
15555.0,1,16,5578.56,3407,354,United Kingdom
15558.0,183,1,202.68,73,23,United Kingdom
15559.0,112,1,1109.4,526,62,United Kingdom
15561.0,88,3,1033.6,999,42,United Kingdom
15562.0,270,1,358.56,493,26,United Kingdom
15563.0,58,3,1459.02,1504,111,United Kingdom
15564.0,7,2,70.74000000000001,42,4,United Kingdom
15566.0,268,1,138.22,110,5,United Kingdom
15569.0,74,3,1399.37,689,48,United Kingdom
15570.0,15,7,2778.47,1113,158,United Kingdom
15571.0,102,4,720.74,367,106,United Kingdom
15572.0,148,1,300.93,219,35,United Kingdom
15573.0,162,3,597.23,415,104,United Kingdom
15574.0,8,1,144.67,99,34,United Kingdom
15575.0,163,1,30.1,6,3,United Kingdom
15577.0,267,2,137.15,31,20,United Kingdom
15580.0,32,5,671.45,599,96,United Kingdom
15581.0,28,20,3382.23,2356,400,United Kingdom
15584.0,214,1,351.99,102,55,United Kingdom
15586.0,136,3,1139.1,1338,30,United Kingdom
15587.0,35,1,182.16000000000003,72,2,United Kingdom
15588.0,221,1,579.6,96,4,United Kingdom
15590.0,127,3,694.76,388,40,United Kingdom
15591.0,126,3,217.9,58,6,United Kingdom
15595.0,31,1,357.6,144,4,United Kingdom
15596.0,43,1,588.55,257,35,United Kingdom
15597.0,119,1,238.8,114,15,United Kingdom
15600.0,86,2,703.54,318,32,United Kingdom
15601.0,46,13,6131.5,4390,121,United Kingdom
15602.0,55,4,626.0600000000001,454,26,United Kingdom
15603.0,192,1,40.0,32,2,United Kingdom
15605.0,132,4,543.72,200,30,United Kingdom
15606.0,0,5,1491.0,444,30,United Kingdom
15607.0,87,8,1604.21,1268,83,United Kingdom
15611.0,8,11,1108.48,192,22,United Kingdom
15613.0,154,1,433.71999999999997,700,27,United Kingdom
15614.0,44,2,1938.0600000000002,1170,45,United Kingdom
15615.0,1,20,8478.61,5528,170,United Kingdom
15617.0,51,1,205.15,95,11,United Kingdom
15622.0,94,7,3829.15,2227,183,United Kingdom
15623.0,13,6,1844.72,772,69,United Kingdom
15625.0,16,4,1158.81,1505,53,United Kingdom
15627.0,1,2,566.9,344,23,United Kingdom
15628.0,16,6,1845.44,1299,70,United Kingdom
15629.0,41,2,1646.98,1098,39,United Kingdom
15630.0,188,1,295.05,187,20,United Kingdom
15631.0,186,1,596.67,525,39,United Kingdom
15633.0,53,13,4335.96,2048,77,United Kingdom
15636.0,113,1,388.94,140,18,United Kingdom
15637.0,42,3,463.78,464,17,United Kingdom
15638.0,137,2,575.4,336,8,United Kingdom
15639.0,149,1,394.24,285,24,United Kingdom
15640.0,6,11,8046.36,4146,107,United Kingdom
15641.0,25,6,2501.51,2239,123,United Kingdom
15642.0,273,1,105.78000000000002,270,6,United Kingdom
15650.0,65,2,553.88,210,33,United Kingdom
15651.0,140,1,291.26,206,15,United Kingdom
15652.0,29,1,101.69,31,18,United Kingdom
15658.0,43,2,682.37,203,36,United Kingdom
15659.0,197,1,108.44,16,3,United Kingdom
15660.0,76,4,567.5,358,24,United Kingdom
15661.0,18,3,551.95,243,23,United Kingdom
15662.0,205,2,283.73,145,12,United Kingdom
15664.0,125,2,527.78,219,30,United Kingdom
15665.0,18,2,1254.81,859,86,United Kingdom
15666.0,16,2,632.9399999999999,469,62,United Kingdom
15670.0,100,1,152.15,41,7,United Kingdom
15672.0,269,1,45.300000000000004,10,3,United Kingdom
15673.0,59,4,2916.69,1496,81,United Kingdom
15674.0,2,7,4182.58,2238,188,United Kingdom
15677.0,7,1,340.65,243,23,United Kingdom
15678.0,66,1,716.48,334,36,United Kingdom
15680.0,16,6,2011.85,1479,101,United Kingdom
15681.0,63,3,702.1,168,11,United Kingdom
15682.0,143,2,318.24,222,25,United Kingdom
15683.0,17,1,330.79,201,16,United Kingdom
15684.0,91,3,173.95,77,9,United Kingdom
15689.0,161,1,266.93,123,15,United Kingdom
15691.0,133,2,359.5,100,10,United Kingdom
15693.0,203,1,37.5,30,1,United Kingdom
15694.0,41,5,1852.22,354,16,United Kingdom
15695.0,141,2,721.06,272,35,United Kingdom
15696.0,91,4,817.02,230,25,United Kingdom
15697.0,233,1,246.75,127,14,United Kingdom
15698.0,168,1,46.2,60,2,United Kingdom
15702.0,20,2,140.39000000000001,103,30,Nigeria
15704.0,46,2,1441.04,681,75,United Kingdom
15709.0,133,1,194.6,48,20,United Kingdom
15711.0,100,2,420.25,199,25,United Kingdom
15712.0,3,5,1838.8,564,56,United Kingdom
15713.0,163,2,482.94,301,32,United Kingdom
15714.0,93,2,300.0,108,4,United Kingdom
15715.0,99,5,658.02,246,33,United Kingdom
15716.0,39,6,1169.76,569,107,United Kingdom
15717.0,36,3,304.90000000000003,94,8,United Kingdom
15718.0,84,1,293.79,95,18,United Kingdom
15719.0,3,14,4013.15,1977,240,United Kingdom
15720.0,94,1,140.49,46,25,United Kingdom
15722.0,11,5,2263.21,890,58,United Kingdom
15723.0,118,1,236.36,77,47,United Kingdom
15727.0,37,6,3618.97,2232,257,United Kingdom
15731.0,97,1,125.3,122,8,United Kingdom
15732.0,52,8,1249.85,1049,52,United Kingdom
15734.0,91,1,310.65000000000003,79,10,United Kingdom
15738.0,7,20,6802.26,5234,58,United Kingdom
15741.0,2,2,208.62,70,11,United Kingdom
15742.0,163,1,156.87,51,41,United Kingdom
15747.0,39,4,811.8199999999999,505,60,United Kingdom
15750.0,36,5,1754.45,1107,124,United Kingdom
15751.0,4,11,1380.44,443,90,United Kingdom
15752.0,1,1,604.53,316,84,United Kingdom
15754.0,37,6,2579.04,1563,90,United Kingdom
15755.0,0,9,3013.05,2065,159,United Kingdom
15757.0,36,2,1266.47,552,68,United Kingdom
15759.0,55,4,577.8900000000001,463,7,United Kingdom
15760.0,174,2,13916.34,2,1,Norway
15764.0,22,1,864.9100000000001,681,51,United Kingdom
15765.0,210,1,370.63,335,25,United Kingdom
15766.0,0,2,516.0,164,15,United Kingdom
15768.0,20,31,14687.06,3971,416,United Kingdom
15769.0,6,16,25343.4,15268,11,United Kingdom
15770.0,156,1,321.45,67,18,United Kingdom
15771.0,148,3,1006.54,512,26,United Kingdom
15774.0,32,4,655.14,246,47,United Kingdom
15775.0,175,1,45.6,192,2,United Kingdom
15777.0,112,1,9.3,2,1,United Kingdom
15779.0,7,2,124.08000000000001,20,8,United Kingdom
15784.0,11,2,848.3299999999999,381,33,United Kingdom
15785.0,24,7,2308.29,1939,64,United Kingdom
15786.0,80,1,1786.71,1602,109,United Kingdom
15788.0,52,1,221.82999999999998,115,14,United Kingdom
15789.0,25,4,1306.44,1528,76,United Kingdom
15791.0,73,3,1995.65,1239,73,United Kingdom
15792.0,162,1,476.84000000000003,344,28,United Kingdom
15793.0,1,4,1118.3,826,8,United Kingdom
15794.0,280,2,777.0,288,15,United Kingdom
15795.0,130,6,986.38,619,62,United Kingdom
15796.0,60,4,1357.66,531,66,United Kingdom
15797.0,125,2,613.6800000000001,408,4,United Kingdom
15798.0,36,3,1535.37,915,73,United Kingdom
15800.0,162,4,361.03,141,56,United Kingdom
15803.0,7,2,1004.9200000000001,292,24,United Kingdom
15805.0,30,7,2613.58,1526,101,United Kingdom
15807.0,210,1,401.94,734,17,United Kingdom
15808.0,13,15,11436.76,4676,257,United Kingdom
15809.0,3,2,758.67,399,22,United Kingdom
15810.0,8,3,1159.02,548,35,United Kingdom
15812.0,15,6,3041.98,2305,53,United Kingdom
15814.0,147,1,294.08,172,9,United Kingdom
15816.0,86,2,144.14999999999998,54,11,United Kingdom
15817.0,36,2,2165.11,1219,111,United Kingdom
15818.0,132,1,340.5,284,11,United Kingdom
15819.0,80,5,1458.21,1181,87,United Kingdom
15822.0,37,4,954.59,575,25,United Kingdom
15823.0,273,2,3867.17,1773,154,United Kingdom
15824.0,76,1,394.8,96,10,United Kingdom
15826.0,112,1,943.97,861,51,United Kingdom
15827.0,44,12,1561.4,692,50,United Kingdom
15833.0,281,1,80.4,24,5,United Kingdom
15837.0,29,1,385.03000000000003,216,28,United Kingdom
15838.0,6,6,7864.48,14512,9,United Kingdom
15841.0,65,3,919.5600000000001,956,17,United Kingdom
15842.0,71,1,172.55,71,9,United Kingdom
15845.0,80,3,714.51,202,36,United Kingdom
15847.0,185,1,80.62,32,6,United Kingdom
15848.0,165,1,137.99,45,34,United Kingdom
15850.0,80,2,217.29,124,53,United Kingdom
15851.0,70,1,109.73,67,8,United Kingdom
15852.0,70,1,96.55,12,11,United Kingdom
15854.0,23,6,1816.8700000000001,530,36,United Kingdom
15855.0,20,1,340.48,242,15,United Kingdom
15856.0,7,16,10436.14,5775,96,United Kingdom
15858.0,36,7,1699.2,1088,147,United Kingdom
15860.0,102,5,616.92,322,88,United Kingdom
15861.0,0,4,1222.28,1309,191,United Kingdom
15862.0,48,8,1540.32,826,269,United Kingdom
15863.0,161,3,286.26,143,56,United Kingdom
15865.0,247,1,706.55,510,57,United Kingdom
15867.0,48,13,3858.28,2156,299,United Kingdom
15868.0,127,1,94.53,57,4,United Kingdom
15869.0,170,1,171.47,98,18,United Kingdom
15872.0,94,1,119.04,72,12,United Kingdom
15873.0,43,4,313.91999999999996,1152,3,United Kingdom
15874.0,28,10,4266.96,1916,137,United Kingdom
15875.0,190,1,108.52,74,18,United Kingdom
15878.0,105,2,330.77,243,47,United Kingdom
15879.0,65,3,713.52,271,102,United Kingdom
15882.0,73,3,467.64,280,30,United Kingdom
15884.0,280,1,236.70000000000002,150,13,United Kingdom
15885.0,2,9,1148.03,423,52,United Kingdom
15886.0,142,1,294.37,137,23,United Kingdom
15887.0,4,2,637.15,405,27,United Kingdom
15888.0,70,1,81.75,21,9,United Kingdom
15889.0,128,5,768.22,428,145,United Kingdom
15890.0,141,2,286.95,93,4,United Kingdom
15892.0,213,1,128.2,46,38,United Kingdom
15893.0,25,1,305.28000000000003,288,1,United Kingdom
15898.0,25,17,3045.1,1174,178,United Kingdom
15900.0,106,1,136.22,100,17,United Kingdom
15901.0,7,2,235.19,233,35,United Kingdom
15903.0,21,2,354.2,316,8,United Kingdom
15905.0,87,1,114.69,82,22,United Kingdom
15908.0,34,2,758.62,173,37,United Kingdom
15910.0,9,6,1011.49,793,180,United Kingdom
15911.0,167,8,1700.24,810,162,United Kingdom
15912.0,113,6,654.99,481,58,United Kingdom
15913.0,78,1,6.300000000000001,3,1,United Kingdom
15916.0,102,4,1081.45,647,98,United Kingdom
15917.0,150,4,407.07,206,115,United Kingdom
15918.0,175,1,248.65,87,21,United Kingdom
15920.0,78,4,267.04,105,26,United Kingdom
15921.0,184,1,100.18,44,13,United Kingdom
15924.0,275,1,102.82,103,14,United Kingdom
15926.0,86,1,134.44,155,7,United Kingdom
15927.0,191,1,106.54,66,13,United Kingdom
15928.0,200,1,293.53,164,11,United Kingdom
15929.0,188,1,594.0,120,1,United Kingdom
15936.0,11,1,171.62,99,11,United Kingdom
15938.0,0,4,330.23,209,19,United Kingdom
15941.0,181,1,405.0,60,6,United Kingdom
15943.0,193,2,271.28999999999996,183,12,United Kingdom
15944.0,29,2,1204.4,631,18,United Kingdom
15945.0,237,2,351.32,256,22,United Kingdom
15946.0,46,3,2304.18,1614,25,United Kingdom
15950.0,15,4,3107.65,1632,128,United Kingdom
15953.0,15,5,870.77,363,30,United Kingdom
15954.0,133,1,190.75,119,20,United Kingdom
15955.0,9,4,2204.64,1248,77,United Kingdom
15956.0,95,2,617.6,278,18,United Kingdom
15958.0,94,1,64.05,23,12,United Kingdom
15959.0,226,3,542.89,269,58,United Kingdom
15964.0,207,1,269.21000000000004,93,20,United Kingdom
15965.0,60,6,1072.03,391,75,United Kingdom
15967.0,52,6,1301.97,489,150,United Kingdom
15969.0,66,1,103.75999999999999,12,3,United Kingdom
15970.0,142,1,703.22,382,13,United Kingdom
15971.0,268,2,446.28,108,2,United Kingdom
15972.0,0,5,1769.33,468,104,United Kingdom
15976.0,11,3,891.63,558,140,United Kingdom
15978.0,188,1,599.12,365,32,United Kingdom
15979.0,146,1,329.22,450,22,United Kingdom
15980.0,34,4,4144.82,3262,65,United Kingdom
15981.0,4,11,5346.79,2871,104,United Kingdom
15982.0,149,1,324.51,131,45,United Kingdom
15983.0,270,3,1184.59,664,63,United Kingdom
15984.0,28,15,3962.23,2575,240,United Kingdom
15985.0,29,3,1156.56,1424,26,United Kingdom
15988.0,95,2,582.11,296,93,United Kingdom
15989.0,281,1,140.16,55,36,United Kingdom
15990.0,38,5,1205.64,643,86,United Kingdom
15991.0,78,1,150.55,41,6,United Kingdom
15994.0,179,1,390.46000000000004,178,34,United Kingdom
15998.0,42,8,3761.93,2234,405,United Kingdom
15999.0,279,1,20.4,24,1,United Kingdom
16002.0,169,1,169.21,70,42,United Kingdom
16003.0,169,3,997.27,275,33,United Kingdom
16004.0,18,5,2146.39,1076,63,United Kingdom
16007.0,87,1,356.83,438,70,United Kingdom
16008.0,63,5,996.57,609,38,United Kingdom
16011.0,14,9,1437.1200000000001,873,79,United Kingdom
16012.0,73,1,975.33,617,59,United Kingdom
16013.0,24,20,8429.619999999999,3410,26,United Kingdom
16014.0,221,1,246.92,106,70,United Kingdom
16017.0,175,3,927.35,359,58,United Kingdom
16018.0,276,1,195.78,203,20,United Kingdom
16019.0,15,12,8097.11,3573,135,United Kingdom
16021.0,88,1,148.44,52,33,United Kingdom
16027.0,1,9,1113.74,952,11,United Kingdom
16028.0,139,1,82.2,18,5,United Kingdom
16029.0,2,36,33006.42,12650,19,United Kingdom
16032.0,0,6,1965.72,1467,130,United Kingdom
16033.0,16,2,598.98,194,88,United Kingdom
16035.0,104,1,217.73,33,21,United Kingdom
16036.0,164,1,848.6800000000001,345,37,United Kingdom
16037.0,88,2,654.32,338,32,United Kingdom
16039.0,172,1,143.48000000000002,113,11,United Kingdom
16040.0,73,2,541.3,322,28,United Kingdom
16043.0,25,1,524.45,151,18,United Kingdom
16045.0,42,2,968.82,621,29,United Kingdom
16046.0,106,1,235.78,248,22,United Kingdom
16047.0,226,1,107.14,1,1,EIRE
16048.0,93,1,201.0,132,11,United Kingdom
16049.0,60,1,229.64000000000001,122,61,United Kingdom
16051.0,225,1,188.44,80,12,United Kingdom
16053.0,154,1,632.66,336,44,United Kingdom
16054.0,56,2,1010.13,166,34,United Kingdom
16057.0,63,3,1591.73,828,91,United Kingdom
16059.0,44,4,893.46,395,96,United Kingdom
16060.0,38,1,345.6,220,18,United Kingdom
16062.0,80,1,543.32,334,42,United Kingdom
16064.0,269,1,109.31,55,17,United Kingdom
16065.0,7,1,433.73,277,89,United Kingdom
16067.0,106,3,3269.11,1236,60,United Kingdom
16068.0,137,1,115.73,48,34,United Kingdom
16071.0,71,3,750.5600000000001,517,47,United Kingdom
16072.0,93,1,1746.54,663,219,United Kingdom
16075.0,46,2,736.9300000000001,271,41,United Kingdom
16077.0,169,1,2300.4,840,8,United Kingdom
16078.0,213,1,283.79,184,38,United Kingdom
16081.0,118,2,264.39,121,45,United Kingdom
16082.0,214,1,106.75,39,16,United Kingdom
16085.0,4,6,1245.3700000000001,726,152,United Kingdom
16086.0,93,3,950.86,593,48,United Kingdom
16087.0,153,3,997.24,412,4,United Kingdom
16088.0,119,2,1437.43,373,3,United Kingdom
16089.0,53,1,154.65,80,26,United Kingdom
16090.0,168,1,180.56,58,18,United Kingdom
16092.0,48,3,770.08,560,28,United Kingdom
16094.0,14,5,1684.28,770,52,United Kingdom
16095.0,0,1,447.05,265,30,United Kingdom
16096.0,132,2,883.47,451,39,United Kingdom
16098.0,9,6,1851.22,1323,55,United Kingdom
16099.0,43,3,682.9,438,20,United Kingdom
16100.0,6,1,582.64,438,37,United Kingdom
16101.0,25,2,1211.1100000000001,646,69,United Kingdom
16103.0,15,13,3927.57,1703,81,United Kingdom
16104.0,25,7,2219.25,810,143,United Kingdom
16105.0,35,3,1442.04,1374,66,United Kingdom
16108.0,126,2,860.99,543,52,United Kingdom
16109.0,242,1,327.6,480,13,United Kingdom
16110.0,66,1,460.64,160,84,United Kingdom
16115.0,32,3,674.03,417,86,United Kingdom
16117.0,135,1,133.5,69,23,United Kingdom
16118.0,196,1,4376.25,2851,41,United Kingdom
16119.0,63,4,879.1400000000001,282,16,United Kingdom
16121.0,109,1,151.07,72,25,United Kingdom
16124.0,127,2,931.64,558,33,United Kingdom
16125.0,24,11,3335.15,1418,138,United Kingdom
16126.0,18,8,3770.39,1533,102,United Kingdom
16127.0,270,1,145.06,68,35,United Kingdom
16128.0,44,2,757.85,773,30,United Kingdom
16129.0,51,1,446.94,406,33,United Kingdom
16130.0,97,3,713.25,157,36,United Kingdom
16131.0,140,2,4499.94,2222,95,United Kingdom
16132.0,88,2,664.1999999999999,280,14,United Kingdom
16133.0,7,11,3350.96,2149,69,United Kingdom
16134.0,1,2,1259.2,933,49,United Kingdom
16135.0,127,1,301.9,186,18,United Kingdom
16136.0,207,1,237.42,234,9,United Kingdom
16137.0,224,1,422.7,210,28,United Kingdom
16138.0,73,2,588.51,597,13,United Kingdom
16139.0,266,2,475.74,272,23,United Kingdom
16143.0,55,4,1419.09,593,51,United Kingdom
16145.0,7,4,1759.87,995,74,United Kingdom
16147.0,114,2,1186.3700000000001,721,69,United Kingdom
16150.0,1,5,1949.1499999999999,943,74,United Kingdom
16153.0,16,5,2581.43,2155,78,United Kingdom
16155.0,46,2,398.0,292,26,United Kingdom
16156.0,41,7,1972.25,1311,68,United Kingdom
16158.0,66,9,628.32,182,29,United Kingdom
16159.0,14,3,884.59,399,25,United Kingdom
16161.0,7,17,3537.81,1741,152,United Kingdom
16163.0,90,3,1160.53,377,48,United Kingdom
16165.0,49,1,79.9,2,1,United Kingdom
16166.0,235,1,239.84,88,12,United Kingdom
16167.0,161,2,873.24,1152,28,United Kingdom
16168.0,7,28,4754.19,2085,91,United Kingdom
16170.0,4,13,4676.28,3961,179,United Kingdom
16172.0,17,3,744.34,632,41,United Kingdom
16174.0,35,4,1237.2,780,15,United Kingdom
16175.0,15,3,798.85,399,32,United Kingdom
16176.0,72,3,1140.59,604,32,United Kingdom
16177.0,6,5,1644.61,813,60,United Kingdom
16180.0,22,5,5995.69,3946,106,United Kingdom
16182.0,18,4,2694.0,1696,8,United Kingdom
16185.0,108,1,115.31,61,9,United Kingdom
16186.0,24,9,3477.87,2660,86,United Kingdom
16190.0,27,5,1591.84,726,73,United Kingdom
16191.0,90,2,2369.88,1481,31,United Kingdom
16192.0,279,1,351.3,208,11,United Kingdom
16195.0,267,1,323.25,123,16,United Kingdom
16196.0,32,1,93.3,26,4,United Kingdom
16197.0,13,9,2016.71,1420,52,United Kingdom
16199.0,15,5,359.7,126,2,United Kingdom
16200.0,15,9,4069.31,2254,207,United Kingdom
16202.0,98,6,1427.35,608,59,United Kingdom
16203.0,48,1,282.13,235,17,United Kingdom
16204.0,275,1,213.27,226,13,United Kingdom
16205.0,86,1,220.11,212,25,United Kingdom
16206.0,43,4,1075.04,476,79,United Kingdom
16208.0,17,5,1996.49,900,103,United Kingdom
16209.0,64,3,1678.8600000000001,642,5,United Kingdom
16210.0,41,13,7638.04,3213,70,United Kingdom
16212.0,162,2,603.37,327,36,United Kingdom
16218.0,105,1,113.2,60,7,United Kingdom
16219.0,44,1,40.8,48,1,United Kingdom
16221.0,2,3,677.68,424,71,United Kingdom
16222.0,265,1,498.5,138,23,United Kingdom
16225.0,7,9,1594.54,703,119,United Kingdom
16227.0,38,2,713.0,346,23,United Kingdom
16229.0,65,3,1088.36,641,62,United Kingdom
16231.0,141,1,287.8,175,34,United Kingdom
16232.0,28,2,987.27,793,27,United Kingdom
16233.0,36,4,945.9300000000001,359,34,United Kingdom
16234.0,20,3,333.18,170,13,United Kingdom
16235.0,6,2,729.66,214,37,United Kingdom
16239.0,7,1,262.6,92,4,United Kingdom
16242.0,14,4,2056.2,919,174,United Kingdom
16246.0,3,2,821.35,336,79,United Kingdom
16251.0,56,1,128.31,44,20,United Kingdom
16253.0,85,3,2279.24,1910,106,United Kingdom
16254.0,45,2,361.19,182,31,United Kingdom
16255.0,3,6,1662.31,933,121,United Kingdom
16256.0,37,2,876.9399999999999,1009,16,United Kingdom
16258.0,7,7,4367.67,3142,128,United Kingdom
16259.0,149,2,157.87,62,35,United Kingdom
16266.0,44,6,736.66,265,32,United Kingdom
16267.0,135,1,186.66,198,7,United Kingdom
16271.0,1,5,1993.18,1335,116,United Kingdom
16273.0,192,2,318.34000000000003,40,15,United Kingdom
16275.0,18,2,1591.24,932,76,United Kingdom
16276.0,23,2,1818.79,1047,16,United Kingdom
16277.0,277,1,188.69,33,23,United Kingdom
16278.0,24,2,551.46,228,30,United Kingdom
16279.0,30,4,2749.94,1727,109,United Kingdom
16280.0,269,1,238.05,101,16,United Kingdom
16281.0,226,1,781.52,392,7,United Kingdom
16282.0,31,2,1139.28,676,21,United Kingdom
16283.0,71,2,1469.23,831,194,United Kingdom
16285.0,190,1,176.9,60,31,United Kingdom
16286.0,21,2,328.95,101,17,United Kingdom
16287.0,185,2,364.32,654,12,United Kingdom
16288.0,14,1,129.85,19,7,United Kingdom
16289.0,6,1,136.31,97,21,United Kingdom
16290.0,8,4,1957.7,957,85,United Kingdom
16291.0,226,1,117.72,1,1,Portugal
16292.0,8,3,819.01,467,36,United Kingdom
16293.0,113,2,610.31,207,33,United Kingdom
16294.0,20,1,126.05000000000001,54,8,United Kingdom
16296.0,170,4,1313.67,645,56,United Kingdom
16299.0,21,1,193.65,107,12,United Kingdom
16300.0,169,2,838.36,440,156,United Kingdom
16301.0,280,1,107.33,41,6,United Kingdom
16303.0,112,2,1228.3400000000001,482,41,United Kingdom
16304.0,238,1,381.66,228,25,United Kingdom
16307.0,86,2,794.92,987,51,United Kingdom
16308.0,87,2,1600.0,5000,1,United Kingdom
16310.0,186,1,190.38,97,12,United Kingdom
16314.0,2,2,822.15,409,39,United Kingdom
16315.0,80,1,176.34,68,9,United Kingdom
16316.0,37,1,993.75,837,73,United Kingdom
16317.0,94,2,850.86,346,47,United Kingdom
16320.0,57,3,3203.0299999999997,1563,75,Unspecified
16321.0,170,2,230.9,124,10,Australia
16323.0,121,1,146.16,96,3,United Kingdom
16325.0,6,6,1585.3400000000001,830,61,United Kingdom
16326.0,25,9,1454.68,317,81,United Kingdom
16327.0,4,9,5711.86,5167,214,United Kingdom
16328.0,107,1,310.83,141,16,United Kingdom
16329.0,189,2,652.85,284,57,United Kingdom
16330.0,206,1,51.43,33,17,United Kingdom
16331.0,6,3,1636.9,548,22,United Kingdom
16332.0,17,3,258.79,217,29,United Kingdom
16334.0,36,1,263.73,206,54,United Kingdom
16335.0,95,7,2753.52,1004,193,United Kingdom
16336.0,2,3,2954.89,1349,58,United Kingdom
16340.0,95,1,366.04,382,82,United Kingdom
16341.0,153,1,762.28,776,36,United Kingdom
16344.0,53,3,741.3199999999999,688,42,United Kingdom
16345.0,27,1,613.33,323,68,United Kingdom
16347.0,100,6,1218.6,775,107,United Kingdom
16351.0,7,11,3054.13,1987,117,United Kingdom
16353.0,6,12,2162.65,1147,32,United Kingdom
16354.0,135,1,208.28,92,19,United Kingdom
16356.0,95,2,98.3,50,16,United Kingdom
16359.0,36,6,731.4300000000001,429,24,United Kingdom
16365.0,20,5,1285.92,436,52,United Kingdom
16366.0,126,3,1220.83,626,57,United Kingdom
16369.0,14,3,784.8000000000001,424,32,United Kingdom
16372.0,151,1,110.95,54,20,United Kingdom
16374.0,132,1,455.14,152,66,United Kingdom
16375.0,14,2,104.0,74,11,United Kingdom
16377.0,161,1,632.28,1428,5,United Kingdom
16382.0,94,1,195.77,40,15,United Kingdom
16383.0,63,3,1679.69,853,160,United Kingdom
16384.0,134,1,319.75,191,20,United Kingdom
16385.0,175,1,110.26,64,23,United Kingdom
16387.0,182,1,140.19,65,7,United Kingdom
16388.0,197,1,186.05,83,13,United Kingdom
16390.0,80,3,467.5,122,16,United Kingdom
16391.0,41,3,581.26,360,154,United Kingdom
16392.0,105,1,192.29,131,32,United Kingdom
16393.0,44,6,1313.06,829,198,United Kingdom
16395.0,35,3,550.57,423,83,United Kingdom
16396.0,20,1,137.8,80,8,United Kingdom
16397.0,172,1,123.13,43,9,United Kingdom
16400.0,46,6,2129.99,1312,146,United Kingdom
16401.0,20,6,778.52,684,61,United Kingdom
16406.0,197,1,203.95000000000002,78,48,United Kingdom
16408.0,135,1,231.93,227,45,United Kingdom
16409.0,18,5,2374.85,1427,189,United Kingdom
16410.0,278,1,130.32,348,5,United Kingdom
16412.0,153,2,163.14,97,24,United Kingdom
16414.0,137,2,232.57,99,10,United Kingdom
16415.0,127,2,496.49,330,78,United Kingdom
16416.0,50,3,966.21,965,40,United Kingdom
16417.0,36,1,35.7,6,1,United Kingdom
16419.0,121,2,504.99,273,34,United Kingdom
16421.0,13,1,310.6,50,19,United Kingdom
16422.0,4,37,17847.74,21012,86,United Kingdom
16428.0,41,2,418.01,345,75,United Kingdom
16430.0,98,2,222.39,47,7,United Kingdom
16434.0,4,4,850.64,407,38,United Kingdom
16435.0,56,3,1003.0699999999999,608,119,United Kingdom
16436.0,212,3,319.14,227,37,United Kingdom
16439.0,266,1,310.70000000000005,74,9,United Kingdom
16440.0,37,1,216.3,90,25,United Kingdom
16441.0,171,1,225.74,111,22,United Kingdom
16442.0,148,2,282.68,137,74,United Kingdom
16443.0,64,1,162.24,96,1,United Kingdom
16444.0,32,6,1054.3700000000001,588,97,United Kingdom
16447.0,134,2,471.19,94,27,United Kingdom
16448.0,15,1,178.13,100,31,United Kingdom
16450.0,128,2,1193.81,481,27,United Kingdom
16451.0,105,2,746.1800000000001,404,50,United Kingdom
16452.0,174,2,332.17,199,14,United Kingdom
16453.0,74,2,251.71,139,15,United Kingdom
16454.0,150,2,24.05,6,2,United Kingdom
16455.0,163,1,905.16,982,40,United Kingdom
16456.0,15,7,3521.94,2011,183,United Kingdom
16458.0,9,7,1161.66,625,41,United Kingdom
16459.0,273,1,71.78999999999999,59,5,United Kingdom
16461.0,134,2,1402.91,885,196,United Kingdom
16466.0,20,6,1890.3,823,107,United Kingdom
16467.0,52,7,2869.16,7384,14,United Kingdom
16468.0,14,2,712.62,340,37,United Kingdom
16469.0,58,1,178.48000000000002,72,23,United Kingdom
16470.0,31,5,869.5,419,94,United Kingdom
16471.0,112,2,663.23,369,29,United Kingdom
16472.0,141,1,557.04,168,26,United Kingdom
16477.0,28,1,515.03,421,34,United Kingdom
16481.0,226,1,453.38,201,16,United Kingdom
16485.0,137,3,1331.51,590,67,United Kingdom
16486.0,81,1,134.36,24,7,United Kingdom
16487.0,121,2,209.4,163,28,United Kingdom
16492.0,84,1,385.56,235,23,United Kingdom
16493.0,66,2,606.21,637,46,United Kingdom
16496.0,53,2,453.0,484,29,United Kingdom
16497.0,55,13,2696.86,1223,116,United Kingdom
16499.0,57,3,705.47,461,40,United Kingdom
16500.0,87,1,147.54999999999998,77,11,United Kingdom
16502.0,164,2,258.55,220,41,United Kingdom
16503.0,20,4,1199.86,464,66,United Kingdom
16507.0,116,1,142.71,111,37,United Kingdom
16508.0,174,1,240.95,103,42,United Kingdom
16510.0,11,5,1529.4,838,85,United Kingdom
16511.0,192,1,300.15,151,52,United Kingdom
16515.0,84,1,671.59,275,29,United Kingdom
16518.0,100,1,155.0,40,9,United Kingdom
16519.0,29,2,223.98,96,20,United Kingdom
16520.0,133,2,645.0,279,106,United Kingdom
16521.0,192,1,95.12,96,25,United Kingdom
16523.0,14,4,1557.68,534,43,United Kingdom
16524.0,235,1,101.3,113,14,United Kingdom
16525.0,6,19,9997.95,6579,79,United Kingdom
16526.0,128,1,426.85,173,20,United Kingdom
16529.0,21,3,1531.55,541,72,United Kingdom
16530.0,212,1,48.349999999999994,17,3,United Kingdom
16532.0,164,1,861.5999999999999,240,1,United Kingdom
16534.0,186,1,635.9,168,36,United Kingdom
16535.0,224,1,20.0,1,1,United Kingdom
16537.0,185,1,23.35,59,3,United Kingdom
16538.0,85,3,395.07,254,35,United Kingdom
16539.0,13,4,1117.45,362,45,United Kingdom
16541.0,279,1,424.03,173,38,United Kingdom
16543.0,135,1,292.21,317,18,United Kingdom
16544.0,63,4,376.70000000000005,150,8,United Kingdom
16547.0,90,1,104.25999999999999,108,25,United Kingdom
16548.0,143,1,30.15,6,6,United Kingdom
16549.0,4,15,3292.63,2046,455,United Kingdom
16550.0,16,11,5245.47,2964,170,United Kingdom
16551.0,161,3,961.44,796,37,United Kingdom
16553.0,25,12,5050.47,6439,97,United Kingdom
16554.0,84,3,1053.64,453,44,United Kingdom
16555.0,49,4,1629.79,1641,46,United Kingdom
16556.0,2,8,3904.31,1920,149,United Kingdom
16558.0,27,8,2575.64,1431,120,United Kingdom
16560.0,126,5,1874.8400000000001,862,85,United Kingdom
16562.0,20,1,223.85999999999999,264,34,United Kingdom
16563.0,0,4,2023.6,1066,26,United Kingdom
16564.0,113,1,87.8,40,5,United Kingdom
16565.0,30,2,392.35,105,7,United Kingdom
16568.0,185,1,477.30000000000007,54,2,United Kingdom
16569.0,175,4,1331.03,895,23,United Kingdom
16570.0,15,5,1960.23,1194,47,United Kingdom
16571.0,34,5,1459.33,1473,63,United Kingdom
16574.0,202,1,590.91,409,41,United Kingdom
16576.0,65,1,227.4,140,14,United Kingdom
16577.0,210,1,380.0,142,23,United Kingdom
16578.0,170,1,156.6,108,9,United Kingdom
16583.0,217,1,64.5,42,4,United Kingdom
16584.0,43,2,1430.8600000000001,746,39,United Kingdom
16585.0,137,2,341.59,151,16,United Kingdom
16586.0,179,1,328.05,67,6,United Kingdom
16588.0,49,2,823.05,487,39,United Kingdom
16592.0,27,9,2534.86,1662,85,United Kingdom
16593.0,263,2,278.73,51,4,United Kingdom
16595.0,150,2,714.92,566,177,United Kingdom
16596.0,233,2,208.83,83,12,United Kingdom
16600.0,2,3,604.9,796,35,United Kingdom
16601.0,167,1,67.25,45,2,United Kingdom
16604.0,106,2,432.45,175,10,United Kingdom
16605.0,268,1,60.48,144,1,United Kingdom
16607.0,7,7,1599.36,930,70,United Kingdom
16608.0,207,1,685.3,258,61,United Kingdom
16611.0,39,4,1326.74,711,64,United Kingdom
16612.0,43,3,1161.62,558,47,United Kingdom
16614.0,122,1,293.15,47,10,United Kingdom
16615.0,170,1,291.5,211,19,United Kingdom
16619.0,142,2,1364.92,804,81,United Kingdom
16620.0,106,3,1311.47,845,58,United Kingdom
16622.0,87,1,225.4,44,12,United Kingdom
16623.0,80,2,575.54,244,30,United Kingdom
16625.0,24,2,580.5,417,31,United Kingdom
16628.0,185,1,78.0,40,4,United Kingdom
16631.0,25,7,1892.52,775,46,United Kingdom
16632.0,29,2,406.4,256,22,United Kingdom
16634.0,164,2,619.2,270,36,United Kingdom
16636.0,126,3,2506.79,1557,40,United Kingdom
16638.0,0,3,314.27,145,19,United Kingdom
16641.0,245,1,323.40000000000003,198,24,United Kingdom
16645.0,279,1,160.39,117,14,United Kingdom
16647.0,88,1,144.13,65,8,United Kingdom
16648.0,134,1,252.84,152,13,United Kingdom
16649.0,64,1,306.58000000000004,82,20,United Kingdom
16650.0,28,4,1032.18,740,43,United Kingdom
16651.0,130,1,136.2,60,6,United Kingdom
16652.0,14,5,8684.74,3586,66,United Kingdom
16654.0,15,3,727.8,296,34,United Kingdom
16655.0,38,5,1538.39,1108,194,United Kingdom
16656.0,9,10,7086.84,5598,16,United Kingdom
16658.0,9,4,462.59,197,40,United Kingdom
16660.0,2,2,344.94,194,3,United Kingdom
16661.0,84,4,932.76,364,50,United Kingdom
16663.0,273,1,165.0,100,1,United Kingdom
16664.0,113,1,109.2,24,8,United Kingdom
16666.0,165,1,98.73,121,15,United Kingdom
16668.0,36,4,409.0,385,21,United Kingdom
16670.0,9,6,2826.7200000000003,1505,127,United Kingdom
16673.0,223,1,171.13,95,19,United Kingdom
16675.0,22,1,307.06,180,18,United Kingdom
16677.0,196,1,263.23,150,19,United Kingdom
16679.0,91,1,187.15,31,6,United Kingdom
16680.0,72,2,637.75,283,16,United Kingdom
16681.0,185,1,151.5,85,5,United Kingdom
16683.0,77,1,320.25,190,18,United Kingdom
16684.0,21,18,38634.92,30135,67,United Kingdom
16686.0,71,5,1168.6,851,187,United Kingdom
16691.0,105,1,35.879999999999995,55,4,United Kingdom
16693.0,60,2,437.52,285,66,United Kingdom
16694.0,267,1,98.30000000000001,26,3,United Kingdom
16695.0,105,2,191.9,184,30,United Kingdom
16699.0,48,5,567.96,458,45,United Kingdom
16700.0,20,8,2884.48,2085,110,United Kingdom
16701.0,15,11,3793.81,3520,87,United Kingdom
16702.0,109,3,794.92,520,69,United Kingdom
16704.0,162,2,664.16,433,50,United Kingdom
16705.0,3,16,16606.571,7732,188,United Kingdom
16707.0,92,3,337.88,255,46,United Kingdom
16709.0,88,5,3518.99,1368,96,United Kingdom
16710.0,81,8,2287.1,1747,254,United Kingdom
16711.0,169,3,895.65,303,8,United Kingdom
16713.0,1,14,6141.97,3660,302,United Kingdom
16714.0,214,1,368.27,239,23,United Kingdom
16715.0,106,1,323.8,532,9,United Kingdom
16716.0,174,1,1248.48,792,6,United Kingdom
16717.0,113,3,1127.38,514,56,United Kingdom
16718.0,133,4,2400.03,1517,82,United Kingdom
16719.0,6,5,1294.41,893,111,United Kingdom
16720.0,266,1,160.07,83,45,United Kingdom
16722.0,36,7,2278.35,2177,76,United Kingdom
16723.0,279,1,426.43,150,50,United Kingdom
16725.0,18,2,468.89,237,107,United Kingdom
16727.0,165,2,808.69,680,79,United Kingdom
16731.0,192,1,170.3,124,40,United Kingdom
16732.0,155,2,1472.88,877,78,United Kingdom
16733.0,73,1,259.68,112,12,United Kingdom
16735.0,6,7,2777.07,1815,85,United Kingdom
16736.0,49,5,2956.56,1050,116,United Kingdom
16737.0,121,1,417.59999999999997,288,1,United Kingdom
16739.0,80,1,463.43,219,25,United Kingdom
16741.0,169,1,173.06,81,11,United Kingdom
16742.0,36,13,2334.97,2557,50,United Kingdom
16743.0,0,7,1999.02,1672,71,United Kingdom
16746.0,7,18,7691.27,4934,127,United Kingdom
16748.0,79,5,885.85,493,20,United Kingdom
16749.0,135,2,4157.88,1910,53,United Kingdom
16754.0,6,26,50926.81,43241,37,United Kingdom
16755.0,11,4,1389.25,927,125,United Kingdom
16756.0,25,4,754.87,437,38,United Kingdom
16763.0,282,1,352.85,173,21,United Kingdom
16767.0,37,3,1731.54,1707,69,United Kingdom
16768.0,1,5,995.98,443,62,United Kingdom
16769.0,22,3,755.51,215,54,United Kingdom
16770.0,18,1,168.81,222,49,United Kingdom
16771.0,1,5,1706.99,821,138,United Kingdom
16772.0,244,2,2001.1,226,11,United Kingdom
16773.0,277,1,137.75,47,23,United Kingdom
16774.0,55,3,770.26,359,58,United Kingdom
16777.0,74,2,259.77,117,41,United Kingdom
16779.0,7,27,20020.59,12586,211,United Kingdom
16781.0,213,1,311.75,79,22,United Kingdom
16782.0,4,16,3325.36,1596,426,United Kingdom
16784.0,37,2,315.52,162,53,United Kingdom
16787.0,165,2,687.26,289,84,United Kingdom
16788.0,94,2,799.58,419,200,United Kingdom
16791.0,9,5,1361.56,611,165,United Kingdom
16792.0,132,2,367.19,187,67,United Kingdom
16794.0,109,3,517.85,352,115,United Kingdom
16795.0,227,1,607.82,335,107,United Kingdom
16797.0,83,3,1016.23,528,184,United Kingdom
16798.0,98,3,841.16,205,141,United Kingdom
16802.0,223,2,582.61,369,48,United Kingdom
16805.0,121,3,630.75,581,139,United Kingdom
16807.0,14,3,1002.29,655,62,United Kingdom
16809.0,0,3,636.64,349,67,United Kingdom
16814.0,18,11,4619.94,1696,166,United Kingdom
16815.0,80,1,233.12,94,40,United Kingdom
16819.0,9,2,182.59,253,17,United Kingdom
16822.0,230,1,181.39,171,11,United Kingdom
16823.0,6,3,919.08,421,70,United Kingdom
16825.0,78,1,363.3,318,5,United Kingdom
16827.0,113,2,109.0,44,5,United Kingdom
16830.0,219,2,480.39,269,28,United Kingdom
16831.0,108,1,91.8,48,6,United Kingdom
16832.0,2,1,111.0,108,6,United Kingdom
16833.0,167,1,312.88,88,14,United Kingdom
16834.0,218,1,485.5,402,24,United Kingdom
16835.0,44,3,1098.31,345,45,United Kingdom
16836.0,118,1,220.75,81,13,United Kingdom
16838.0,74,2,570.76,324,31,United Kingdom
16839.0,1,6,2549.96,1330,28,United Kingdom
16840.0,147,2,139.85,117,9,United Kingdom
16841.0,25,5,1792.14,1002,75,United Kingdom
16843.0,4,14,7499.73,6880,104,United Kingdom
16844.0,106,2,614.34,281,26,United Kingdom
16845.0,162,1,253.88,167,20,United Kingdom
16846.0,121,2,628.09,382,36,United Kingdom
16847.0,162,1,421.45000000000005,177,25,United Kingdom
16854.0,184,1,1290.81,970,70,United Kingdom
16858.0,74,7,2618.26,924,54,United Kingdom
16859.0,64,3,486.67,463,36,United Kingdom
16860.0,80,2,1179.32,371,30,United Kingdom
16861.0,52,1,137.4,52,3,United Kingdom
16862.0,91,4,662.33,513,34,United Kingdom
16864.0,142,1,111.72000000000001,84,2,United Kingdom
16867.0,233,1,76.74000000000001,58,6,United Kingdom
16868.0,137,1,183.9,47,23,United Kingdom
16870.0,13,1,450.15999999999997,278,28,United Kingdom
16872.0,7,1,115.45,79,4,United Kingdom
16873.0,25,5,5823.99,3637,91,United Kingdom
16875.0,42,4,1826.94,852,77,United Kingdom
16880.0,37,1,321.78,158,9,United Kingdom
16883.0,25,17,1973.58,913,130,United Kingdom
16884.0,100,2,641.13,200,39,United Kingdom
16886.0,0,1,134.0,48,8,United Kingdom
16887.0,282,1,219.82,177,34,United Kingdom
16888.0,220,2,317.31,101,25,United Kingdom
16889.0,60,2,649.54,476,50,United Kingdom
16890.0,20,3,285.41,243,17,United Kingdom
16891.0,22,6,985.51,387,196,United Kingdom
16892.0,98,2,236.56,131,38,United Kingdom
16894.0,46,3,1306.96,503,186,United Kingdom
16895.0,90,3,560.48,208,63,United Kingdom
16896.0,99,1,103.95,18,18,United Kingdom
16898.0,120,1,192.64,166,31,United Kingdom
16901.0,273,1,204.26,42,23,United Kingdom
16905.0,41,7,981.25,274,48,United Kingdom
16906.0,119,2,343.36,116,53,United Kingdom
16907.0,70,1,104.65,24,15,United Kingdom
16908.0,266,1,252.59,61,20,United Kingdom
16911.0,179,2,255.25,161,30,United Kingdom
16912.0,200,2,725.84,241,20,United Kingdom
16913.0,195,2,310.46999999999997,147,10,United Kingdom
16915.0,7,3,531.0500000000001,43,9,United Kingdom
16917.0,176,1,1460.3600000000001,560,37,United Kingdom
16918.0,48,9,1691.65,1075,186,United Kingdom
16919.0,7,3,452.24,235,56,United Kingdom
16921.0,144,1,141.56,51,19,United Kingdom
16922.0,116,1,611.08,281,122,United Kingdom
16923.0,11,7,3327.01,1599,147,United Kingdom
16925.0,84,1,125.65,123,18,United Kingdom
16926.0,0,4,939.36,162,57,United Kingdom
16928.0,204,2,127.2,9,4,United Kingdom
16932.0,115,1,115.23,67,43,United Kingdom
16933.0,42,4,1805.73,995,144,United Kingdom
16934.0,64,3,773.61,433,56,United Kingdom
16937.0,43,1,196.25,123,49,United Kingdom
16938.0,37,3,2694.46,1595,315,United Kingdom
16939.0,32,3,433.85,229,38,United Kingdom
16940.0,86,4,2360.31,1658,170,United Kingdom
16941.0,155,1,33.0,12,2,United Kingdom
16943.0,83,2,482.76,2,1,United Kingdom
16944.0,153,1,101.36,27,7,United Kingdom
16945.0,38,10,2819.63,2319,117,United Kingdom
16946.0,55,4,1035.94,411,61,United Kingdom
16947.0,6,4,548.73,343,30,United Kingdom
16948.0,79,3,394.85,403,14,United Kingdom
16950.0,15,5,1631.61,1231,53,United Kingdom
16952.0,2,2,510.64,187,53,United Kingdom
16954.0,41,8,3127.99,2455,64,United Kingdom
16955.0,98,2,601.64,457,21,United Kingdom
16960.0,100,2,754.18,731,174,United Kingdom
16961.0,76,1,162.05,89,9,United Kingdom
16964.0,277,2,207.85,49,6,United Kingdom
16970.0,170,1,71.4,12,2,United Kingdom
16972.0,0,1,276.95,68,33,United Kingdom
16974.0,66,2,365.5,70,5,United Kingdom
16975.0,9,2,351.48,264,17,United Kingdom
16977.0,130,3,360.3,114,17,United Kingdom
16978.0,210,2,424.55,119,28,United Kingdom
16984.0,22,6,4842.59,2153,424,United Kingdom
16985.0,6,12,5038.8,1127,85,United Kingdom
16986.0,106,8,2843.05,1409,62,United Kingdom
16987.0,150,3,646.1,193,82,United Kingdom
16992.0,42,4,1824.64,642,96,United Kingdom
16993.0,7,2,1950.9499999999998,285,19,United Kingdom
17001.0,34,5,1472.53,864,42,United Kingdom
17002.0,126,3,433.96000000000004,208,20,United Kingdom
17003.0,122,1,144.35999999999999,107,22,United Kingdom
17005.0,14,2,622.36,691,14,United Kingdom
17006.0,188,1,179.76,84,30,United Kingdom
17009.0,95,1,242.06,336,10,United Kingdom
17011.0,191,2,400.8,606,12,United Kingdom
17012.0,269,1,360.61,251,34,United Kingdom
17016.0,120,1,552.4,309,41,United Kingdom
17017.0,85,2,687.3199999999999,444,16,United Kingdom
17018.0,121,3,962.6,220,12,United Kingdom
17019.0,73,3,1010.21,651,147,United Kingdom
17020.0,86,2,935.62,860,64,United Kingdom
17021.0,49,4,809.73,756,22,United Kingdom
17023.0,30,2,604.56,434,36,United Kingdom
17025.0,185,1,848.7,498,22,United Kingdom
17027.0,197,2,244.25,15,8,United Kingdom
17028.0,125,3,1593.83,856,85,United Kingdom
17029.0,70,3,889.15,592,11,United Kingdom
17031.0,2,3,2140.0,1230,22,United Kingdom
17032.0,91,8,2984.32,1667,183,United Kingdom
17034.0,57,1,190.45000000000002,113,10,United Kingdom
17035.0,135,2,180.06,98,4,United Kingdom
17039.0,148,1,1954.99,689,44,United Kingdom
17040.0,94,1,13.52,8,1,United Kingdom
17041.0,144,2,220.41,232,25,United Kingdom
17043.0,114,2,564.6,506,72,United Kingdom
17044.0,15,5,4300.7,1406,56,United Kingdom
17046.0,28,3,716.11,688,38,United Kingdom
17047.0,154,2,765.93,413,49,United Kingdom
17048.0,13,3,645.05,363,39,United Kingdom
17049.0,21,7,2846.75,1025,110,United Kingdom
17050.0,32,4,1162.55,625,24,United Kingdom
17051.0,130,2,283.05,149,60,United Kingdom
17056.0,282,1,128.60000000000002,26,8,United Kingdom
17057.0,140,1,294.74,129,48,United Kingdom
17059.0,43,4,1784.18,1257,132,United Kingdom
17063.0,30,4,1427.34,790,79,United Kingdom
17065.0,181,2,194.7,82,6,United Kingdom
17066.0,270,1,228.34,93,17,United Kingdom
17067.0,268,3,454.54,322,8,United Kingdom
17068.0,1,18,3080.16,1479,144,United Kingdom
17069.0,126,2,1250.83,956,74,United Kingdom
17071.0,25,3,816.78,569,42,United Kingdom
17072.0,169,1,273.35,212,20,United Kingdom
17074.0,106,1,203.05,19,4,United Kingdom
17075.0,22,5,1002.83,339,69,United Kingdom
17076.0,182,2,191.75,107,11,United Kingdom
17077.0,122,1,306.0,36,1,United Kingdom
17080.0,50,3,367.65,209,14,United Kingdom
17081.0,109,2,277.54,119,46,United Kingdom
17082.0,169,3,1785.38,962,49,United Kingdom
17083.0,70,4,1659.47,773,25,United Kingdom
17085.0,4,13,2901.08,1267,200,United Kingdom
17087.0,281,1,221.53,113,12,United Kingdom
17090.0,49,3,611.76,198,17,United Kingdom
17091.0,27,7,2408.59,1346,123,United Kingdom
17092.0,37,5,2527.9700000000003,1720,158,United Kingdom
17093.0,136,1,235.88,114,13,United Kingdom
17095.0,18,3,933.69,800,39,United Kingdom
17096.0,46,4,1743.75,835,96,United Kingdom
17098.0,84,1,299.47,61,10,United Kingdom
17099.0,77,1,582.17,317,40,United Kingdom
17101.0,94,1,168.4,88,10,United Kingdom
17103.0,266,1,424.3,471,32,United Kingdom
17107.0,25,3,4392.37,2328,159,United Kingdom
17108.0,207,1,174.95,31,9,United Kingdom
17109.0,41,1,184.69,101,12,United Kingdom
17110.0,64,2,336.59999999999997,86,32,United Kingdom
17112.0,46,1,197.57,130,44,United Kingdom
17113.0,118,6,2305.59,913,122,United Kingdom
17115.0,92,4,1923.99,513,75,United Kingdom
17116.0,192,1,389.78,392,47,United Kingdom
17122.0,43,1,102.02,86,7,United Kingdom
17123.0,116,1,217.36,191,18,United Kingdom
17126.0,9,1,282.05,181,41,United Kingdom
17127.0,25,3,604.83,200,21,United Kingdom
17129.0,64,1,31.85,5,2,United Kingdom
17132.0,32,1,628.53,477,38,United Kingdom
17133.0,18,5,9730.09,7377,16,United Kingdom
17135.0,32,2,355.95,241,65,United Kingdom
17136.0,206,1,231.68,256,14,United Kingdom
17137.0,31,5,908.33,576,124,United Kingdom
17138.0,76,5,3891.87,1818,214,United Kingdom
17139.0,32,9,5919.96,3314,121,United Kingdom
17141.0,228,2,400.59000000000003,201,70,United Kingdom
17142.0,77,2,438.05,160,46,United Kingdom
17143.0,59,1,642.8100000000001,225,70,United Kingdom
17145.0,56,4,3120.91,2591,168,United Kingdom
17146.0,15,9,4806.26,1890,150,United Kingdom
17147.0,97,4,1020.91,241,30,United Kingdom
17150.0,109,4,795.65,225,44,United Kingdom
17151.0,279,1,231.90000000000003,42,4,United Kingdom
17155.0,71,5,640.76,745,31,United Kingdom
17156.0,35,1,591.87,391,39,United Kingdom
17157.0,24,17,4832.9,1920,69,United Kingdom
17158.0,91,2,713.03,369,37,United Kingdom
17159.0,21,2,560.71,237,27,United Kingdom
17160.0,16,8,4234.53,3723,126,United Kingdom
17163.0,219,1,141.24,84,5,United Kingdom
17165.0,100,4,1208.93,541,57,United Kingdom
17168.0,42,1,400.2,220,21,United Kingdom
17169.0,122,1,320.95,145,21,United Kingdom
17171.0,205,1,159.68,40,9,United Kingdom
17172.0,270,1,336.82,382,14,United Kingdom
17176.0,70,2,596.1899999999999,406,25,United Kingdom
17177.0,49,1,119.5,40,29,United Kingdom
17178.0,275,1,432.96,100,31,United Kingdom
17179.0,106,1,193.17000000000002,109,24,United Kingdom
17180.0,0,6,1344.81,1045,147,United Kingdom
17181.0,139,1,69.93,27,5,United Kingdom
17182.0,262,1,178.5,30,2,United Kingdom
17184.0,113,2,198.41000000000003,73,14,United Kingdom
17185.0,135,3,229.46,119,38,United Kingdom
17187.0,70,1,263.76,282,13,United Kingdom
17188.0,52,5,1713.02,1073,71,United Kingdom
17189.0,105,3,569.88,375,59,United Kingdom
17190.0,93,3,937.37,1915,85,United Kingdom
17191.0,30,6,1574.13,554,105,United Kingdom
17192.0,80,1,75.28,45,20,United Kingdom
17193.0,281,1,45.0,36,1,United Kingdom
17194.0,74,1,549.88,301,31,United Kingdom
17195.0,199,1,562.98,486,31,United Kingdom
17199.0,126,1,135.04000000000002,232,8,United Kingdom
17200.0,196,2,165.06,114,21,United Kingdom
17201.0,67,3,853.3199999999999,773,119,United Kingdom
17204.0,91,1,299.33,227,16,United Kingdom
17205.0,108,1,274.95,554,12,United Kingdom
17207.0,196,1,292.62,233,55,United Kingdom
17209.0,193,3,595.7,723,36,United Kingdom
17211.0,193,4,1263.0,692,84,United Kingdom
17212.0,2,2,567.5600000000001,580,25,United Kingdom
17213.0,41,6,2088.17,911,73,United Kingdom
17215.0,8,1,186.15,104,11,United Kingdom
17216.0,98,1,63.6,21,13,United Kingdom
17217.0,163,1,96.6,69,18,United Kingdom
17218.0,66,4,883.99,430,68,United Kingdom
17220.0,1,6,860.21,585,130,United Kingdom
17221.0,135,3,642.14,426,58,United Kingdom
17222.0,21,5,1250.86,735,71,United Kingdom
17224.0,45,1,100.86,65,8,United Kingdom
17225.0,125,1,131.15,36,5,United Kingdom
17226.0,209,1,420.97999999999996,363,32,United Kingdom
17227.0,70,4,598.15,621,24,United Kingdom
17228.0,62,4,703.93,624,78,United Kingdom
17230.0,107,10,5750.08,2102,104,United Kingdom
17231.0,18,13,3075.36,1574,284,United Kingdom
17233.0,268,1,179.36,60,13,United Kingdom
17235.0,36,4,583.72,393,27,United Kingdom
17236.0,69,5,839.98,251,34,United Kingdom
17238.0,7,12,2746.2,1257,246,United Kingdom
17239.0,70,1,308.45,119,4,United Kingdom
17240.0,140,1,130.6,108,7,United Kingdom
17241.0,59,10,2408.59,785,107,United Kingdom
17242.0,0,3,1754.24,848,27,United Kingdom
17243.0,0,35,9256.43,3361,221,United Kingdom
17244.0,277,1,260.65,57,21,United Kingdom
17245.0,233,1,200.18,232,15,United Kingdom
17246.0,90,2,38.92,36,6,United Kingdom
17248.0,25,1,181.89000000000001,63,34,United Kingdom
17251.0,268,1,306.40000000000003,158,20,United Kingdom
17256.0,25,3,258.93,158,14,United Kingdom
17258.0,209,1,283.85,129,34,United Kingdom
17259.0,73,2,616.54,316,74,United Kingdom
17261.0,53,1,221.59,95,43,United Kingdom
17262.0,22,6,1235.4,268,5,United Kingdom
17266.0,43,2,205.14,90,43,United Kingdom
17268.0,35,6,847.85,407,23,United Kingdom
17270.0,13,2,601.4499999999999,420,45,United Kingdom
17271.0,280,1,204.3,113,46,United Kingdom
17278.0,109,1,25.2,16,2,United Kingdom
17281.0,44,4,510.29999999999995,186,2,United Kingdom
17282.0,0,2,623.08,466,107,United Kingdom
17285.0,172,2,407.94,134,41,United Kingdom
17287.0,6,11,1697.02,870,171,United Kingdom
17289.0,60,4,642.47,394,73,United Kingdom
17290.0,98,4,469.88,354,46,United Kingdom
17292.0,16,2,271.75,131,14,United Kingdom
17293.0,23,7,1174.54,722,63,United Kingdom
17294.0,213,2,467.78999999999996,297,17,United Kingdom
17296.0,274,1,338.13,216,32,United Kingdom
17298.0,37,2,340.34,395,36,United Kingdom
17299.0,25,1,217.92000000000002,145,31,United Kingdom
17300.0,25,1,155.8,203,19,United Kingdom
17301.0,168,1,131.15,79,52,United Kingdom
17304.0,78,1,111.5,73,5,United Kingdom
17305.0,192,1,2135.46,1006,9,United Kingdom
17307.0,23,7,2244.31,2073,17,United Kingdom
17309.0,217,1,209.89000000000001,97,20,United Kingdom
17310.0,78,1,765.0,300,1,United Kingdom
17311.0,104,2,1242.49,1322,45,United Kingdom
17314.0,31,8,2041.88,1606,80,United Kingdom
17318.0,269,1,157.32999999999998,59,17,United Kingdom
17319.0,213,1,29.1,14,3,United Kingdom
17320.0,52,2,814.48,389,44,United Kingdom
17321.0,99,2,492.16,178,51,United Kingdom
17322.0,280,1,114.55,115,28,United Kingdom
17323.0,28,4,513.03,545,74,United Kingdom
17324.0,7,7,878.59,606,79,United Kingdom
17325.0,185,1,101.89999999999999,102,8,United Kingdom
17326.0,73,1,164.7,76,48,United Kingdom
17327.0,106,1,4.25,1,1,United Kingdom
17328.0,217,1,104.7,86,6,United Kingdom
17329.0,275,3,475.42,288,63,United Kingdom
17330.0,88,2,59.900000000000006,2,2,United Kingdom
17332.0,72,5,838.27,794,82,United Kingdom
17335.0,228,1,143.81,91,19,United Kingdom
17336.0,16,1,81.12,48,1,United Kingdom
17338.0,15,5,2451.65,1228,191,United Kingdom
17339.0,53,1,59.0,20,1,United Kingdom
17340.0,25,5,4613.34,2386,129,United Kingdom
17341.0,84,2,589.92,388,58,United Kingdom
17342.0,72,3,927.14,484,28,United Kingdom
17343.0,46,4,866.35,323,42,United Kingdom
17344.0,272,1,299.74,135,36,United Kingdom
17345.0,78,5,768.6,1392,67,United Kingdom
17346.0,9,6,1534.25,1287,180,United Kingdom
17348.0,135,2,702.12,898,80,United Kingdom
17349.0,83,2,257.9,321,8,United Kingdom
17350.0,91,2,451.471,225,39,United Kingdom
17351.0,13,8,1119.08,230,27,United Kingdom
17352.0,240,1,36.25,15,5,United Kingdom
17353.0,35,2,1502.0,968,6,United Kingdom
17356.0,98,4,768.25,759,62,United Kingdom
17358.0,197,1,117.22,73,13,United Kingdom
17359.0,192,1,156.6,76,23,United Kingdom
17361.0,220,2,383.59000000000003,223,26,United Kingdom
17362.0,154,4,522.87,239,62,United Kingdom
17364.0,48,13,5506.54,3349,244,United Kingdom
17365.0,59,4,1879.89,1801,152,United Kingdom
17366.0,0,1,483.49,279,71,United Kingdom
17368.0,63,3,589.64,848,60,United Kingdom
17371.0,167,3,236.97,130,55,United Kingdom
17372.0,25,15,2076.16,767,182,United Kingdom
17373.0,193,1,163.7,90,13,United Kingdom
17376.0,66,1,141.25,101,22,United Kingdom
17377.0,0,45,8840.07,3522,354,United Kingdom
17380.0,44,2,521.4,204,5,United Kingdom
17381.0,23,4,8819.34,8330,26,United Kingdom
17382.0,70,4,360.0,264,7,United Kingdom
17384.0,11,1,171.15,33,5,United Kingdom
17388.0,16,5,941.29,1108,25,United Kingdom
17389.0,18,15,6737.75,2756,29,United Kingdom
17393.0,32,1,194.60000000000002,153,25,United Kingdom
17395.0,52,1,97.5,66,3,United Kingdom
17400.0,125,3,2525.44,1097,209,United Kingdom
17401.0,85,1,114.85,34,11,United Kingdom
17402.0,14,7,991.89,444,47,United Kingdom
17404.0,3,6,10499.83,12496,42,Sweden
17406.0,67,9,1702.08,964,76,United Kingdom
17408.0,44,2,283.44000000000005,160,6,United Kingdom
17409.0,108,5,3260.02,1876,30,United Kingdom
17411.0,280,1,344.40000000000003,150,19,United Kingdom
17412.0,36,7,2093.61,1681,115,United Kingdom
17413.0,113,1,219.84,224,2,United Kingdom
17414.0,78,3,1187.2,3180,6,United Kingdom
17416.0,15,8,6919.58,2992,142,United Kingdom
17417.0,92,1,164.18,76,16,United Kingdom
17419.0,43,4,1015.16,480,38,United Kingdom
17421.0,279,1,130.8,96,4,United Kingdom
17422.0,38,2,604.3000000000001,498,26,United Kingdom
17426.0,154,3,1221.05,1025,55,United Kingdom
17428.0,6,9,9074.210000000001,5371,180,United Kingdom
17430.0,23,1,210.8,152,13,United Kingdom
17432.0,119,3,459.55,191,58,United Kingdom
17436.0,137,2,216.0,72,4,United Kingdom
17437.0,73,1,369.68,283,52,United Kingdom
17438.0,85,3,572.28,112,17,United Kingdom
17439.0,199,1,325.74,370,8,United Kingdom
17440.0,93,1,137.16,36,1,United Kingdom
17441.0,276,1,293.35,245,21,United Kingdom
17442.0,11,7,1796.26,1273,93,United Kingdom
17448.0,41,46,14523.67,11534,569,United Kingdom
17449.0,93,4,1269.17,790,120,United Kingdom
17454.0,6,6,1030.41,484,51,United Kingdom
17456.0,0,1,725.7,286,43,United Kingdom
17457.0,31,6,2810.17,1191,17,United Kingdom
17460.0,52,7,1155.38,502,68,United Kingdom
17463.0,104,2,659.4,394,98,United Kingdom
17464.0,66,2,617.1800000000001,388,28,United Kingdom
17465.0,44,6,2258.18,1376,96,United Kingdom
17469.0,29,9,2775.58,1365,112,United Kingdom
17470.0,15,3,749.98,554,36,United Kingdom
17471.0,18,1,321.65000000000003,153,19,United Kingdom
17472.0,172,1,224.81,96,48,United Kingdom
17473.0,0,1,298.1,116,16,United Kingdom
17474.0,143,1,1047.0,200,6,United Kingdom
17476.0,281,1,260.36,124,16,United Kingdom
17477.0,156,2,1144.3,225,44,United Kingdom
17478.0,177,1,706.2,236,26,United Kingdom
17479.0,176,1,389.26000000000005,266,18,United Kingdom
17482.0,31,2,775.64,240,50,United Kingdom
17484.0,120,2,209.57,339,14,United Kingdom
17487.0,272,1,160.55,37,8,United Kingdom
17488.0,185,1,336.5,136,18,United Kingdom
17490.0,113,1,353.14,226,21,United Kingdom
17491.0,32,4,1157.51,649,39,United Kingdom
17492.0,22,2,747.85,295,23,United Kingdom
17494.0,45,1,54.699999999999996,26,3,United Kingdom
17496.0,107,3,1141.84,596,49,United Kingdom
17497.0,154,1,204.60000000000002,44,3,United Kingdom
17499.0,105,1,718.51,375,31,United Kingdom
17504.0,44,5,2393.84,1540,74,United Kingdom
17505.0,94,3,1289.64,686,47,United Kingdom
17508.0,17,6,3430.62,2188,147,Greece
17511.0,2,20,61806.32,39747,343,United Kingdom
17512.0,7,7,2065.9900000000002,2261,42,United Kingdom
17513.0,23,1,387.0,102,7,United Kingdom
17514.0,213,1,313.35,149,41,United Kingdom
17515.0,27,3,507.39,146,47,United Kingdom
17518.0,165,1,153.55,154,39,United Kingdom
17519.0,63,8,2621.31,1722,83,United Kingdom
17526.0,20,6,1910.2,944,37,United Kingdom
17529.0,154,2,1240.25,790,78,United Kingdom
17530.0,126,2,424.57,227,78,United Kingdom
17531.0,71,2,970.12,336,43,United Kingdom
17534.0,88,3,1151.53,595,59,United Kingdom
17536.0,226,1,34.78,18,3,United Kingdom
17539.0,161,4,1176.84,708,132,United Kingdom
17540.0,37,3,599.35,223,20,United Kingdom
17541.0,53,1,119.86,44,31,United Kingdom
17542.0,185,2,170.1,189,34,United Kingdom
17543.0,93,1,120.05,62,13,United Kingdom
17545.0,121,1,339.8,112,7,United Kingdom
17547.0,209,1,404.55,129,18,United Kingdom
17550.0,28,5,1881.75,696,179,United Kingdom
17552.0,51,7,1460.31,1071,55,United Kingdom
17553.0,16,3,2270.0,1240,2,United Kingdom
17555.0,130,1,150.95,86,47,United Kingdom
17557.0,276,1,34.0,4,1,United Kingdom
17559.0,56,1,167.62,270,12,United Kingdom
17560.0,113,2,383.6,344,11,United Kingdom
17561.0,74,2,360.65,154,92,United Kingdom
17563.0,122,2,392.38,256,27,United Kingdom
17565.0,130,1,131.83,67,30,United Kingdom
17568.0,177,1,374.45,275,61,United Kingdom
17571.0,86,1,205.23999999999998,115,53,United Kingdom
17572.0,70,3,140.60999999999999,97,4,United Kingdom
17575.0,211,1,171.7,72,5,United Kingdom
17576.0,14,15,3308.32,1786,170,United Kingdom
17577.0,189,2,348.75,179,20,United Kingdom
17578.0,18,6,903.87,391,52,United Kingdom
17579.0,122,1,304.38,117,43,United Kingdom
17581.0,35,16,5082.37,2725,183,United Kingdom
17582.0,77,3,762.34,274,47,United Kingdom
17583.0,104,1,135.95,55,7,United Kingdom
17584.0,11,4,4067.12,2006,73,United Kingdom
17585.0,3,2,714.7,668,105,United Kingdom
17586.0,163,1,167.4,68,8,United Kingdom
17587.0,172,1,176.71,67,42,United Kingdom
17588.0,94,2,1004.93,473,26,United Kingdom
17589.0,18,12,9518.5,5770,481,United Kingdom
17591.0,235,1,135.65,28,19,United Kingdom
17592.0,282,1,148.3,38,13,United Kingdom
17593.0,80,5,3235.9700000000003,1767,128,United Kingdom
17594.0,148,1,611.7,320,26,United Kingdom
17596.0,78,5,1341.42,1903,137,United Kingdom
17597.0,18,3,872.05,682,37,United Kingdom
17599.0,21,1,52.05,11,3,United Kingdom
17602.0,16,8,2300.01,1764,210,United Kingdom
17603.0,161,3,1393.66,564,93,United Kingdom
17604.0,15,3,430.18,355,75,United Kingdom
17605.0,134,1,160.75,71,13,United Kingdom
17606.0,281,1,87.30000000000001,42,6,United Kingdom
17608.0,151,1,155.88,148,48,United Kingdom
17609.0,125,3,503.54,419,107,United Kingdom
17610.0,84,5,1511.94,893,114,United Kingdom
17611.0,2,12,3911.06,2474,358,United Kingdom
17612.0,0,9,2384.46,1184,103,United Kingdom
17615.0,29,1,122.7,54,6,United Kingdom
17617.0,102,1,385.19,249,18,United Kingdom
17618.0,25,6,2216.63,1146,146,United Kingdom
17622.0,141,2,1130.21,379,19,United Kingdom
17623.0,28,5,1389.27,341,90,United Kingdom
17624.0,263,1,316.83,133,22,United Kingdom
17625.0,81,3,2315.4700000000003,1222,202,United Kingdom
17626.0,146,1,254.0,202,18,United Kingdom
17627.0,22,1,296.36,676,10,United Kingdom
17631.0,212,3,335.76,206,21,United Kingdom
17635.0,70,2,852.08,504,43,United Kingdom
17638.0,191,2,842.4,432,2,United Kingdom
17639.0,18,3,269.13,169,26,United Kingdom
17640.0,74,3,1573.32,838,25,United Kingdom
17642.0,164,2,648.71,539,33,United Kingdom
17643.0,49,1,338.15000000000003,155,23,United Kingdom
17644.0,36,7,2216.5,1218,75,United Kingdom
17646.0,34,7,2139.08,767,78,United Kingdom
17647.0,213,2,198.6,52,5,United Kingdom
17649.0,13,2,710.4,324,45,United Kingdom
17651.0,42,6,1758.52,974,84,United Kingdom
17660.0,281,1,163.47,138,42,United Kingdom
17662.0,205,2,412.92,184,14,United Kingdom
17663.0,0,8,2855.9,1324,92,United Kingdom
17664.0,18,2,561.59,454,31,United Kingdom
17665.0,37,1,563.1,690,19,United Kingdom
17666.0,21,3,1319.6399999999999,956,17,United Kingdom
17667.0,43,3,1592.29,968,79,United Kingdom
17669.0,6,3,2735.63,1589,56,United Kingdom
17672.0,185,2,1449.16,558,53,United Kingdom
17673.0,37,5,1803.74,1211,134,United Kingdom
17675.0,7,29,11810.960000000001,5176,121,United Kingdom
17676.0,21,3,850.63,709,43,United Kingdom
17677.0,6,19,14122.44,8558,192,United Kingdom
17678.0,147,1,301.65,161,12,United Kingdom
17679.0,65,5,1585.5,1026,41,United Kingdom
17680.0,55,1,226.05,23,5,United Kingdom
17681.0,141,5,731.2,450,12,United Kingdom
17682.0,43,4,1433.2,822,50,United Kingdom
17683.0,55,2,683.23,643,38,United Kingdom
17685.0,9,3,1429.68,1058,36,United Kingdom
17686.0,77,1,1294.8700000000001,526,72,United Kingdom
17689.0,18,1,166.0,120,9,United Kingdom
17690.0,176,2,765.37,550,39,United Kingdom
17691.0,90,1,172.65,125,13,United Kingdom
17692.0,2,5,1612.06,1264,61,United Kingdom
17694.0,55,2,1412.85,1309,45,United Kingdom
17695.0,7,2,664.5,922,18,United Kingdom
17696.0,14,12,3481.63,2701,103,United Kingdom
17699.0,20,2,442.0,208,17,United Kingdom
17700.0,23,7,3190.66,1721,145,United Kingdom
17705.0,120,1,88.7,69,6,United Kingdom
17706.0,16,6,3340.06,1515,117,United Kingdom
17707.0,4,5,330.3,294,7,United Kingdom
17709.0,14,4,533.56,278,31,United Kingdom
17713.0,23,2,612.42,587,33,United Kingdom
17714.0,14,3,824.07,275,40,United Kingdom
17715.0,136,1,163.2,192,1,United Kingdom
17716.0,29,8,8281.6,4743,188,United Kingdom
17718.0,188,1,299.83,191,17,United Kingdom
17720.0,15,3,726.12,620,33,United Kingdom
17721.0,203,1,307.21000000000004,107,11,United Kingdom
17726.0,56,3,361.14,174,23,United Kingdom
17729.0,140,1,438.65000000000003,247,23,United Kingdom
17730.0,14,4,1322.97,721,34,United Kingdom
17731.0,165,2,468.88,214,30,United Kingdom
17732.0,1,3,919.7,568,47,United Kingdom
17734.0,69,3,741.69,319,40,United Kingdom
17735.0,7,2,506.46,446,26,United Kingdom
17738.0,90,7,1547.87,1123,77,United Kingdom
17739.0,20,8,3271.6,1034,40,United Kingdom
17740.0,112,4,313.5,168,5,United Kingdom
17741.0,104,1,41.400000000000006,60,2,United Kingdom
17742.0,0,8,1628.8700000000001,502,41,United Kingdom
17745.0,21,2,600.34,164,27,United Kingdom
17746.0,15,3,793.9300000000001,659,28,United Kingdom
17748.0,71,1,358.15,111,17,United Kingdom
17749.0,90,1,351.66,126,22,United Kingdom
17753.0,8,4,382.06,124,63,United Kingdom
17754.0,30,7,2377.49,2378,114,United Kingdom
17757.0,4,16,1824.25,919,176,United Kingdom
17758.0,112,1,434.96,280,64,United Kingdom
17759.0,127,1,132.15,49,5,United Kingdom
17760.0,171,3,237.89,119,20,United Kingdom
17762.0,0,1,129.75,129,16,United Kingdom
17763.0,197,3,71.15,29,11,United Kingdom
17764.0,84,2,471.90999999999997,206,60,United Kingdom
17768.0,224,3,569.77,664,38,United Kingdom
17769.0,109,4,1473.51,597,127,United Kingdom
17771.0,133,1,16.0,4,4,United Kingdom
17773.0,58,2,575.37,254,48,United Kingdom
17774.0,16,4,1760.71,971,186,United Kingdom
17776.0,267,1,207.75,199,47,United Kingdom
17778.0,205,1,197.70000000000002,214,10,United Kingdom
17780.0,211,3,346.56,156,76,United Kingdom
17783.0,56,1,93.49,84,24,United Kingdom
17784.0,94,1,112.86,72,19,United Kingdom
17785.0,109,1,115.25,68,16,United Kingdom
17789.0,205,1,171.25,125,13,United Kingdom
17790.0,31,4,570.09,395,67,United Kingdom
17792.0,11,2,368.35,149,45,United Kingdom
17794.0,230,2,147.3,46,7,United Kingdom
17797.0,112,4,925.06,440,102,United Kingdom
17798.0,125,1,178.07,138,43,United Kingdom
17799.0,30,8,2727.54,1700,279,United Kingdom
17801.0,93,2,507.21,563,50,United Kingdom
17802.0,32,5,2375.31,1318,184,United Kingdom
17804.0,76,2,264.78000000000003,144,59,United Kingdom
17805.0,154,1,414.72,648,1,United Kingdom
17807.0,123,2,301.62,189,67,United Kingdom
17808.0,92,4,262.64,143,29,United Kingdom
17809.0,38,6,3371.1800000000003,602,13,United Kingdom
17810.0,212,2,373.16,118,51,United Kingdom
17812.0,74,1,101.4,49,26,United Kingdom
17816.0,202,2,59.55,50,28,United Kingdom
17818.0,281,1,124.78,86,42,United Kingdom
17819.0,127,4,2085.1,307,11,United Kingdom
17822.0,104,2,1074.92,868,113,United Kingdom
17825.0,142,4,701.96,516,24,United Kingdom
17827.0,165,1,388.84,342,65,United Kingdom
17829.0,21,2,3357.58,2162,110,United Arab Emirates
17833.0,267,1,338.46000000000004,143,28,United Kingdom
17838.0,24,8,2883.84,1660,75,United Kingdom
17841.0,3,68,20830.1,9777,1249,United Kingdom
17842.0,146,1,430.69,89,18,United Kingdom
17845.0,99,4,596.09,195,42,United Kingdom
17847.0,59,2,129.69,29,9,United Kingdom
17848.0,38,16,2124.38,793,55,United Kingdom
17849.0,24,4,457.96000000000004,110,18,United Kingdom
17850.0,52,81,36066.05,14174,77,United Kingdom
17851.0,70,5,1438.81,817,158,United Kingdom
17852.0,268,2,380.36,211,34,United Kingdom
17853.0,20,2,1061.61,417,77,United Kingdom
17854.0,6,4,757.24,523,98,United Kingdom
17857.0,185,1,468.0,650,2,United Kingdom
17858.0,6,12,5668.29,2178,88,United Kingdom
17860.0,272,2,246.94,122,47,United Kingdom
17861.0,41,7,2127.04,2232,199,United Kingdom
17862.0,107,1,150.83,107,17,United Kingdom
17863.0,53,4,1391.02,1337,52,United Kingdom
17865.0,17,19,11400.17,5265,236,United Kingdom
17866.0,28,2,805.3000000000001,361,15,United Kingdom
17867.0,7,8,394.93,125,54,United Kingdom
17869.0,13,2,385.46,380,38,United Kingdom
17871.0,122,2,523.54,253,27,United Kingdom
17873.0,16,10,2963.26,2214,44,United Kingdom
17875.0,232,1,167.1,98,25,United Kingdom
17876.0,146,2,1619.02,958,1,United Kingdom
17880.0,183,2,366.0,152,19,United Kingdom
17883.0,83,3,324.08,102,30,United Kingdom
17884.0,0,13,1694.73,1687,189,United Kingdom
17886.0,14,2,308.98,78,38,United Kingdom
17888.0,8,13,963.14,519,70,United Kingdom
17889.0,162,1,16.44,5,5,United Kingdom
17894.0,13,1,132.34,59,34,United Kingdom
17897.0,56,5,1365.81,522,91,United Kingdom
17898.0,111,1,114.88,41,13,United Kingdom
17901.0,65,2,149.7,14,3,United Kingdom
17902.0,90,1,216.39999999999998,526,24,United Kingdom
17905.0,74,8,1234.82,837,78,United Kingdom
17907.0,184,1,291.76,1046,13,United Kingdom
17908.0,48,3,668.61,428,112,United Kingdom
17909.0,281,1,110.05,35,8,United Kingdom
17910.0,270,1,261.7,121,25,United Kingdom
17913.0,27,9,2387.96,1187,163,United Kingdom
17915.0,95,1,225.78,184,27,United Kingdom
17916.0,172,2,43.87,90,15,United Kingdom
17918.0,44,3,396.39,352,34,United Kingdom
17920.0,42,31,18099.79,9093,342,United Kingdom
17921.0,35,3,806.69,298,89,United Kingdom
17922.0,87,1,170.4,49,8,United Kingdom
17923.0,71,2,289.5,90,2,United Kingdom
17926.0,8,2,355.20000000000005,150,13,United Kingdom
17927.0,265,1,294.0,108,10,United Kingdom
17928.0,115,1,128.7,82,4,United Kingdom
17929.0,41,4,896.6,148,3,United Kingdom
17930.0,31,6,1910.1,1721,21,United Kingdom
17931.0,39,10,2363.46,1457,186,United Kingdom
17933.0,176,1,114.69,63,12,United Kingdom
17935.0,169,2,225.25,83,8,United Kingdom
17940.0,114,5,22579.35,73821,8,United Kingdom
17941.0,134,3,1128.72,856,3,United Kingdom
17945.0,240,3,360.35,244,66,United Kingdom
17949.0,6,59,43253.76,20619,31,United Kingdom
17950.0,59,3,529.04,206,65,United Kingdom
17952.0,85,2,360.11,181,55,United Kingdom
17953.0,84,1,159.17000000000002,98,20,United Kingdom
17954.0,95,6,1168.69,695,187,United Kingdom
17955.0,199,2,392.6,408,2,United Kingdom
17958.0,272,1,465.42,200,29,United Kingdom
17959.0,136,1,140.75,49,2,United Kingdom
17960.0,66,2,61.300000000000004,19,11,United Kingdom
17961.0,6,53,1460.96,882,303,United Kingdom
17962.0,93,3,564.55,506,126,United Kingdom
17963.0,15,4,643.16,341,98,United Kingdom
17965.0,2,11,3238.17,2285,307,United Kingdom
17966.0,135,5,865.49,1347,33,United Kingdom
17968.0,56,1,128.54,96,28,United Kingdom
17969.0,46,18,2126.09,862,103,United Kingdom
17971.0,92,1,161.94,62,21,United Kingdom
17975.0,3,2,261.55,74,24,United Kingdom
17978.0,241,2,288.05,126,40,United Kingdom
17982.0,224,1,138.18,117,13,United Kingdom
17984.0,39,2,437.83,302,95,United Kingdom
17987.0,94,1,173.98,262,46,United Kingdom
17988.0,31,7,288.42,143,81,United Kingdom
17990.0,85,2,535.6800000000001,216,11,United Kingdom
17991.0,135,1,206.95,68,33,United Kingdom
17993.0,161,1,225.99,108,60,United Kingdom
17994.0,51,5,1357.8,1563,166,United Kingdom
17996.0,90,2,262.9,170,36,United Kingdom
17998.0,281,2,319.19,290,49,United Kingdom
18000.0,108,1,124.25,109,6,United Kingdom
18001.0,90,2,277.7,206,31,United Kingdom
18002.0,69,3,176.27,55,42,United Kingdom
18006.0,161,2,328.13,93,18,United Kingdom
18008.0,0,11,15181.189999999999,5794,42,United Kingdom
18009.0,86,7,1896.84,526,122,United Kingdom
18011.0,111,1,308.0,54,35,United Kingdom
18012.0,267,1,115.3,63,13,United Kingdom
18016.0,225,1,201.20000000000002,84,19,United Kingdom
18020.0,87,1,190.48000000000002,67,12,United Kingdom
18021.0,53,2,216.41,168,32,United Kingdom
18022.0,90,1,172.51,83,51,United Kingdom
18025.0,107,2,492.84000000000003,377,32,United Kingdom
18026.0,44,2,2074.07,530,12,United Kingdom
18028.0,127,1,192.05,133,4,United Kingdom
18029.0,186,1,433.77,253,18,United Kingdom
18036.0,6,6,831.91,338,143,United Kingdom
18037.0,94,8,78.1,13,11,United Kingdom
18038.0,100,1,141.48,80,25,United Kingdom
18039.0,84,3,377.51,410,104,United Kingdom
18041.0,1,11,3072.99,2794,208,United Kingdom
18042.0,85,1,116.1,36,9,United Kingdom
18044.0,83,3,602.06,212,23,United Kingdom
18046.0,193,1,189.63,44,26,United Kingdom
18048.0,37,1,222.64,129,51,United Kingdom
18049.0,134,1,262.35,147,55,United Kingdom
18051.0,178,7,2282.28,1661,41,United Kingdom
18052.0,108,1,10877.18,17766,16,United Kingdom
18053.0,69,2,271.05,107,12,United Kingdom
18056.0,162,1,190.95,123,11,United Kingdom
18057.0,148,2,987.71,877,112,United Kingdom
18058.0,85,2,603.9,306,11,United Kingdom
18060.0,108,1,464.40000000000003,528,33,United Kingdom
18061.0,14,14,3205.65,2071,23,United Kingdom
18062.0,141,1,422.75,235,15,United Kingdom
18063.0,177,1,102.0,24,1,United Kingdom
18064.0,46,7,2861.73,1743,42,United Kingdom
18065.0,22,9,2392.5,908,84,United Kingdom
18069.0,102,4,1297.8700000000001,1117,231,United Kingdom
18070.0,213,1,314.1,86,9,United Kingdom
18071.0,15,4,716.68,430,34,United Kingdom
18074.0,49,1,529.84,171,30,United Kingdom
18075.0,1,2,762.32,330,50,United Kingdom
18077.0,15,6,1104.6399999999999,871,50,United Kingdom
18078.0,172,1,256.22,149,21,United Kingdom
18079.0,35,1,590.78,1383,13,United Kingdom
18085.0,172,1,258.75,119,13,United Kingdom
18087.0,38,9,7964.34,2714,39,United Kingdom
18091.0,137,1,360.85,539,25,United Kingdom
18092.0,23,6,4982.0,3508,22,United Kingdom
18093.0,14,3,1726.51,1605,17,United Kingdom
18094.0,105,5,2172.9,1030,28,United Kingdom
18095.0,122,2,1427.36,976,20,United Kingdom
18096.0,51,2,365.09,159,77,United Kingdom
18097.0,17,3,1067.56,602,29,United Kingdom
18100.0,94,1,451.56,440,30,United Kingdom
18101.0,218,1,112.5,37,23,United Kingdom
18102.0,9,78,269041.67,107180,268,United Kingdom
18103.0,93,1,105.8,23,10,United Kingdom
18106.0,20,5,1019.16,380,112,United Kingdom
18108.0,140,2,577.8100000000001,177,29,United Kingdom
18109.0,6,4,600.68,272,93,United Kingdom
18111.0,133,1,405.85,232,27,United Kingdom
18112.0,95,1,152.0,32,11,United Kingdom
18115.0,241,1,9.700000000000001,3,3,United Kingdom
18123.0,57,1,92.2,34,22,United Kingdom
18124.0,16,1,102.65,47,20,United Kingdom
18128.0,81,1,399.29,216,42,United Kingdom
18131.0,175,1,222.95999999999998,552,4,United Kingdom
18132.0,48,1,220.13,212,60,United Kingdom
18134.0,142,2,445.0,128,27,United Kingdom
18135.0,59,3,366.12,274,12,United Kingdom
18137.0,95,2,145.99,59,26,United Kingdom
18140.0,17,1,536.41,395,49,West Indies
18141.0,133,1,458.27,237,22,United Kingdom
18144.0,7,5,1575.35,694,27,United Kingdom
18145.0,29,5,1988.17,2033,117,United Kingdom
18148.0,190,1,112.85000000000001,63,9,United Kingdom
18149.0,11,3,782.0799999999999,431,49,United Kingdom
18151.0,102,3,1069.99,497,56,United Kingdom
18152.0,190,1,426.69,75,10,United Kingdom
18153.0,203,1,246.22,200,17,United Kingdom
18154.0,34,1,189.29999999999998,182,16,United Kingdom
18157.0,115,1,213.9,145,25,United Kingdom
18162.0,276,1,371.51,332,45,United Kingdom
18163.0,128,1,728.84,452,33,United Kingdom
18166.0,167,1,175.5,90,10,United Kingdom
18168.0,28,8,1845.28,1160,119,United Kingdom
18170.0,83,4,1197.74,510,33,United Kingdom
18171.0,14,4,1206.0,510,34,United Kingdom
18172.0,11,18,6621.16,2595,93,United Kingdom
18173.0,156,1,589.52,510,14,United Kingdom
18174.0,147,1,58.5,30,1,United Kingdom
18175.0,219,1,176.1,70,7,United Kingdom
18177.0,104,3,875.45,529,23,United Kingdom
18178.0,36,5,2663.2400000000002,1926,103,United Kingdom
18179.0,66,2,754.38,451,19,United Kingdom
18181.0,105,3,493.12,200,77,United Kingdom
18182.0,7,1,291.13,167,10,United Kingdom
18186.0,266,1,329.58,338,11,United Kingdom
18187.0,175,1,724.89,310,48,United Kingdom
18188.0,140,2,337.55,159,20,United Kingdom
18189.0,169,1,313.49,270,18,United Kingdom
18190.0,147,3,461.16,350,23,United Kingdom
18191.0,21,1,321.59999999999997,192,8,United Kingdom
18194.0,85,4,2625.7000000000003,992,16,United Kingdom
18196.0,15,2,770.56,607,112,United Kingdom
18197.0,119,1,230.1,166,9,United Kingdom
18199.0,227,1,344.75,99,20,United Kingdom
18201.0,266,1,447.53000000000003,191,27,United Kingdom
18203.0,94,2,219.53,47,20,United Kingdom
18206.0,97,1,314.65999999999997,246,19,United Kingdom
18207.0,43,1,544.47,325,31,United Kingdom
18208.0,109,1,360.08,82,17,United Kingdom
18212.0,221,1,298.3,66,12,United Kingdom
18214.0,74,4,1780.34,989,38,United Kingdom
18215.0,22,3,1439.8700000000001,695,32,United Kingdom
18217.0,57,2,323.29,249,7,United Kingdom
18218.0,140,2,479.91999999999996,492,16,United Kingdom
18219.0,37,5,762.78,455,31,United Kingdom
18220.0,41,3,894.1600000000001,664,14,United Kingdom
18223.0,17,9,5317.05,2611,105,United Kingdom
18225.0,17,9,4779.099999999999,2194,137,United Kingdom
18226.0,1,10,4610.51,3123,128,United Kingdom
18227.0,28,1,295.0,1,1,United Kingdom
18229.0,44,5,1315.2,288,4,United Kingdom
18230.0,69,1,288.0,202,15,United Kingdom
18231.0,45,21,4183.45,1815,143,United Kingdom
18234.0,95,1,179.6,80,30,United Kingdom
18236.0,25,3,424.42,142,22,United Kingdom
18238.0,59,1,270.92,114,14,United Kingdom
18241.0,22,2,466.3,258,26,United Kingdom
18242.0,105,3,1060.3,798,40,United Kingdom
18244.0,46,1,302.8,668,3,United Kingdom
18245.0,45,8,2525.15,2265,156,United Kingdom
18246.0,153,1,162.72,48,1,United Kingdom
18247.0,93,2,440.03,189,18,United Kingdom
18251.0,20,6,15677.58,23503,67,United Kingdom
18252.0,92,5,1015.42,698,35,United Kingdom
18253.0,186,1,317.88,128,7,United Kingdom
18254.0,125,1,267.9,188,16,United Kingdom
18255.0,0,1,199.85,127,13,United Kingdom
18257.0,44,3,1739.8,975,85,United Kingdom
18258.0,8,6,2059.67,1981,30,United Kingdom
18259.0,224,2,662.7,166,14,United Kingdom
18260.0,18,7,3480.91,1664,76,United Kingdom
18262.0,146,1,202.06,254,14,United Kingdom
18264.0,42,1,603.25,241,36,United Kingdom
18267.0,216,1,269.37,135,17,United Kingdom
18268.0,135,5,1464.73,709,36,United Kingdom
18271.0,153,2,680.85,319,19,United Kingdom
18272.0,92,3,1307.4,830,50,United Kingdom
18273.0,134,1,153.0,60,1,United Kingdom
18275.0,122,2,741.85,417,19,United Kingdom
18276.0,63,3,683.6700000000001,641,44,United Kingdom
18277.0,38,2,337.14,110,18,United Kingdom
18279.0,63,1,231.33999999999997,630,13,United Kingdom
18281.0,121,1,120.32,92,10,United Kingdom
18283.0,21,4,424.02,204,126,United Kingdom
18285.0,204,1,427.0,145,12,United Kingdom
18286.0,20,2,1296.43,608,67,United Kingdom
18287.0,115,1,1071.61,732,54,United Kingdom
